barcode,in_tissue,pxl_row_in_fullres,pxl_col_in_fullres,bin_i,bin_j,roi_key,n_spots_in_roi,kept,roi_id
AAACAAGTATCTCCCA-1,1,15937,17428,15,14,15_14,20,True,ROI_15_14
AAACACCAATAACTGC-1,1,18054,6092,5,15,5_15,22,True,ROI_5_15
AAACAGAGCGACTCCT-1,1,7383,16351,14,6,14_6,20,True,ROI_14_6
AAACAGGGTCTATATT-1,1,15202,5278,4,13,4_13,15,True,ROI_4_13
AAACAGTGTTCCTGGG-1,1,21386,9363,8,18,8_18,19,True,ROI_8_18
AAACATTTCCCGGATT-1,1,18549,16740,14,16,14_16,20,True,ROI_14_16
AAACCCGAACGAAATC-1,1,14752,19205,17,13,17_13,15,True,ROI_17_13
AAACCGGGTAGGTACC-1,1,14018,7328,6,12,6_12,18,True,ROI_6_12
AAACCTAAGCAGCCGG-1,1,19495,14827,13,17,13_17,23,True,ROI_13_17
AAACCTCATGAAGTTG-1,1,12828,6102,5,11,5_11,19,True,ROI_5_11
AAACGAAGAACATACC-1,1,5475,12259,10,4,10_4,22,True,ROI_10_4
AAACGAGACGGTTGAT-1,1,12368,14294,12,10,12_10,20,True,ROI_12_10
AAACGCCCGAGATCGG-1,1,5011,18267,16,4,16_4,11,True,ROI_16_4
AAACGGGCGTACGGGT-1,1,19497,15919,14,17,14_17,20,True,ROI_14_17
AAACGGTTGCGAACTG-1,1,19964,11550,10,17,10_17,20,True,ROI_10_17
AAACGTGTTCGCCCTA-1,1,7389,19628,17,6,17_6,22,True,ROI_17_6
AAACTAACGTGGCGAC-1,1,5962,18538,16,5,16_5,20,True,ROI_16_5
AAACTCGGTTCGCAAT-1,1,19730,13052,11,17,11_17,20,True,ROI_11_17
AAACTCGTGATATAAG-1,1,9526,18941,16,8,16_8,20,True,ROI_16_8
AAACTGCTGGCTCCAA-1,1,14740,12651,11,13,11_13,12,True,ROI_11_13
AAACTTAATTGCACGC-1,1,19240,5134,4,17,4_17,20,True,ROI_4_17
AAACTTGCAAACGTAT-1,1,14728,6098,5,13,5_13,20,True,ROI_5_13
AAAGAATGTGGACTAA-1,1,20926,17828,15,18,15_18,20,True,ROI_15_18
AAAGACCCAAGTCGCG-1,1,6421,10073,8,5,8_5,20,True,ROI_8_5
AAAGACTGGGCGCTTT-1,1,10926,5559,4,9,4_9,8,True,ROI_4_9
AAAGCTTGCCTACATA-1,1,10241,20168,17,9,17_9,22,True,ROI_17_9
AAAGGCCCTATAATAC-1,1,19718,6499,5,17,5_17,23,True,ROI_5_17
AAAGGCTACGGACCAT-1,1,18775,10869,9,16,9_16,18,True,ROI_9_16
AAAGGCTCTCGCGCCG-1,1,17113,11009,9,15,9_15,14,True,ROI_9_15
AAAGGGATGTAGCAAG-1,1,9750,11978,10,8,10_8,23,True,ROI_10_8
AAAGGGCAGCTTGAAT-1,1,9741,7063,6,8,6_8,18,True,ROI_6_8
AAAGGTAAGCTGTACC-1,1,6436,17991,15,5,15_5,20,True,ROI_15_5
AAAGTAGCATTGCTCA-1,1,16156,7188,6,14,6_14,23,True,ROI_6_14
AAAGTCACTGATGTAA-1,1,6422,10619,9,5,9_5,20,True,ROI_9_5
AAAGTCGACCCTCAGT-1,1,12827,5556,4,11,4_11,9,True,ROI_4_11
AAAGTGTGATTTATCT-1,1,14509,16338,14,12,14_12,20,True,ROI_14_12
AAAGTTGACTCCCGTA-1,1,14035,16612,14,12,14_12,20,True,ROI_14_12
AAATAACCATACGGGA-1,1,7381,15532,13,6,13_6,23,True,ROI_13_6
AAATAAGGTAGTGCCC-1,1,11427,19211,17,10,17_10,21,True,ROI_17_10
AAATACCTATAAGCAT-1,1,15216,12924,11,13,11_13,12,True,ROI_11_13
AAATAGCTTAGACTTT-1,1,12612,17980,15,11,15_11,16,True,ROI_15_11
AAATAGGGTGCTATTG-1,1,16644,14286,12,14,12_14,20,True,ROI_12_14
AAATCCGATACACGCC-1,1,19496,15373,13,17,13_17,23,True,ROI_13_17
AAATCGTGTACCACAA-1,1,14500,11150,9,12,9_12,18,True,ROI_9_12
AAATCTAGCCCTGCTA-1,1,16649,17290,15,14,15_14,20,True,ROI_15_14
AAATGATTCGATCAGC-1,1,9050,18669,16,8,16_8,20,True,ROI_16_8
AAATGCTCGTTACGTT-1,1,7841,6793,6,6,6_6,23,True,ROI_6_6
AAATGGCATGTCTTGT-1,1,7139,12938,11,6,11_6,20,True,ROI_11_6
AAATGGCCCGTGCCCT-1,1,15678,5823,5,13,5_13,20,True,ROI_5_13
AAATGGTCAATGTGCC-1,1,11886,10472,9,10,9_10,23,True,ROI_9_10
AAATGTGGGTGCTCCT-1,1,4522,10895,9,4,9_4,18,True,ROI_9_4
AAATTAACGGGTAGCT-1,1,12125,11427,10,10,10_10,20,True,ROI_10_10
AAATTACACGACTCTG-1,1,7381,15259,13,6,13_6,23,True,ROI_13_6
AAATTACCTATCGATG-1,1,10234,16346,14,9,14_9,20,True,ROI_14_9
AAATTCCAGGTCCAAA-1,1,12377,19209,17,10,17_10,21,True,ROI_17_10
AAATTGATAGTCCTTT-1,1,17107,7732,6,15,6_15,20,True,ROI_6_15
AAATTGCGGCGGTTCT-1,1,5226,6116,5,4,5_4,11,True,ROI_5_4
AAATTGGTGAGAAGCA-1,1,7627,19764,17,6,17_6,22,True,ROI_17_6
AAATTTACCGAAATCC-1,1,5482,15808,13,4,13_4,19,True,ROI_13_4
AAATTTGCGGGTGTGG-1,1,15207,8009,7,13,7_13,20,True,ROI_7_13
AACAACTGGTAGTTGC-1,1,10696,9246,8,9,8_9,20,True,ROI_8_9
AACAATACATTGTCGA-1,1,18534,8549,7,16,7_16,16,True,ROI_7_16
AACAATTACTCTACGC-1,1,10929,6924,6,9,6_9,23,True,ROI_6_9
AACACACGCTCGCCGC-1,1,16172,16198,14,14,14_14,20,True,ROI_14_14
AACACGACTGTACTGA-1,1,6188,12394,10,5,10_5,23,True,ROI_10_5
AACACGAGACGCGGCC-1,1,14729,6371,5,13,5_13,20,True,ROI_5_13
AACACGCGGCCGCGAA-1,1,5468,8163,7,4,7_4,8,True,ROI_7_4
AACAGCTGTGTGGCAA-1,1,18057,7730,6,15,6_15,20,True,ROI_6_15
AACAGGAAATCGAATA-1,1,7614,12664,11,6,11_6,20,True,ROI_11_6
AACAGGATGGGCCGCG-1,1,10930,7743,6,9,6_9,23,True,ROI_6_9
AACAGGTAGTATGGAT-1,1,15702,18930,16,13,16_13,20,True,ROI_16_13
AACATATCAACTGGTG-1,1,10472,17028,15,9,15_9,20,True,ROI_15_9
AACATCGATACGTCTA-1,1,8100,18944,16,7,16_7,16,True,ROI_16_7
AACATTGAAGTTGATC-1,1,19955,6635,5,17,5_17,23,True,ROI_5_17
AACATTGTGACTCGAG-1,1,19250,10595,9,17,9_17,22,True,ROI_9_17
AACCAAGACTTCTCTG-1,1,12592,6785,6,11,6_11,23,True,ROI_6_11
AACCAGTATCACTCTT-1,1,5482,16081,14,4,14_4,10,True,ROI_14_4
AACCATAGGGTTGAAC-1,1,19477,4997,4,17,4_17,20,True,ROI_4_17
AACCATGGGATCGCTA-1,1,7367,7613,6,6,6_6,23,True,ROI_6_6
AACCCAGAGACGGAGA-1,1,7607,8842,7,6,7_6,20,True,ROI_7_6
AACCCATCCCATGATC-1,1,17340,5411,4,15,4_15,15,True,ROI_4_15
AACCCGACAACCCGTG-1,1,19960,9365,8,17,8_17,20,True,ROI_8_17
AACCCGAGCAGAATCG-1,1,17602,18926,16,15,16_15,18,True,ROI_16_15
AACCCGCTGTATTCCA-1,1,21865,11546,10,19,10_19,8,True,ROI_10_19
AACCCTACTGTCAATA-1,1,13560,16613,14,12,14_12,20,True,ROI_14_12
AACCCTGGTGGAACCA-1,1,5952,13077,11,5,11_5,20,True,ROI_11_5
AACCGAGCTTGGTCAT-1,1,9752,13070,11,8,11_8,20,True,ROI_11_8
AACCGCTAAGGGATGC-1,1,14984,16064,14,13,14_13,20,True,ROI_14_13
AACCGTTGTGTTTGCT-1,1,6900,12256,10,6,10_6,22,True,ROI_10_6
AACCTCGCTTTAGCCC-1,1,18782,14692,13,16,13_16,21,True,ROI_13_16
AACCTGTCACGGAATT-1,1,12615,19618,17,11,17_11,13,True,ROI_17_11
AACCTTTAAATACGGT-1,1,16879,12784,11,14,11_14,20,True,ROI_11_14
AACCTTTACGACGTCT-1,1,7858,16077,14,6,14_6,20,True,ROI_14_6
AACGATAATGCCGTAG-1,1,16642,13467,11,14,11_14,20,True,ROI_11_14
AACGATAGAAGGGCCG-1,1,7610,10753,9,6,9_6,20,True,ROI_9_6
AACGATATGTCAACTG-1,1,9754,13889,12,8,12_8,20,True,ROI_12_8
AACGCATGATCTGGGT-1,1,8811,17714,15,7,15_7,16,True,ROI_15_7
AACGCGAACGGCAACA-1,1,5940,6524,5,5,5_5,20,True,ROI_5_5
AACGCGACCTTGGGCG-1,1,19963,10731,9,17,9_17,22,True,ROI_9_17
AACGCGGTCTCCAGCC-1,1,9514,12388,10,8,10_8,23,True,ROI_10_8
AACGCTGTTGCTGAAA-1,1,16885,16334,14,14,14_14,20,True,ROI_14_14
AACGGACGTACGTATA-1,1,15934,16062,14,14,14_14,20,True,ROI_14_14
AACGGCCATCTCCGGT-1,1,15208,8828,7,13,7_13,20,True,ROI_7_13
AACGTACTGTGGGTAC-1,1,15447,9237,8,13,8_13,18,True,ROI_8_13
AACGTCAGACTAGTGG-1,1,9745,8974,7,8,7_8,16,True,ROI_7_8
AACGTCGCTGCACTTC-1,1,21402,18373,16,18,16_18,23,True,ROI_16_18
AACGTGATGAAGGACA-1,1,6192,14851,13,5,13_5,22,True,ROI_13_5
AACGTGCGAAAGTCTC-1,1,12604,13611,12,11,12_11,16,True,ROI_12_11
AACTACCCGTTTGTCA-1,1,15227,18931,16,13,16_13,20,True,ROI_16_13
AACTAGGCTTGGGTGT-1,1,17114,11828,10,15,10_15,20,True,ROI_10_15
AACTCAAGTTAATTGC-1,1,13072,9514,8,11,8_11,20,True,ROI_8_11
AACTCCAGAGCGTGTT-1,1,18310,16058,14,16,14_16,20,True,ROI_14_16
AACTCCTAATCCCATG-1,1,6907,16079,14,6,14_6,20,True,ROI_14_6
AACTCGATGGCGCAGT-1,1,6654,7205,6,5,6_5,22,True,ROI_6_5
AACTCTCAATAGAGCG-1,1,12371,16205,14,10,14_10,20,True,ROI_14_10
AACTGAGGTCAGCGTC-1,1,6199,18674,16,5,16_5,20,True,ROI_16_5
AACTGATATTAGGCCT-1,1,7851,12527,11,6,11_6,20,True,ROI_11_6
AACTGGGTCCCGACGT-1,1,8801,12526,11,7,11_7,16,True,ROI_11_7
AACTGGTGTGGGCCTT-1,1,5709,10210,9,5,9_5,20,True,ROI_9_5
AACTTCTGCGTCTATC-1,1,8314,5973,5,7,5_7,20,True,ROI_5_7
AACTTGCCCGTATGCA-1,1,10929,7197,6,9,6_9,23,True,ROI_6_9
AACTTGCGTTCTCGCG-1,1,7364,6248,5,6,5_6,20,True,ROI_5_6
AACTTTAGCTGCTGAG-1,1,5234,10211,9,4,9_4,18,True,ROI_9_4
AAGAAGGATCAGTTAG-1,1,7128,6931,6,6,6_6,23,True,ROI_6_6
AAGACATACGTGGTTT-1,1,20216,19058,16,17,16_17,22,True,ROI_16_17
AAGACCCAACTGAACA-1,1,18300,10870,9,16,9_16,18,True,ROI_9_16
AAGACTAACCCGTTGT-1,1,5228,7208,6,4,6_4,14,True,ROI_6_4
AAGACTGCAAGCTACT-1,1,12603,12792,11,11,11_11,19,True,ROI_11_11
AAGAGATGAATCGGTA-1,1,10454,7198,6,9,6_9,23,True,ROI_6_9
AAGAGCTCTTTATCGG-1,1,12367,14021,12,10,12_10,20,True,ROI_12_10
AAGAGGATGTACGCGA-1,1,13306,7466,6,11,6_11,23,True,ROI_6_11
AAGAGGCATGGATCGC-1,1,12606,14430,12,11,12_11,16,True,ROI_12_11
AAGAGGCCCTTTGGAA-1,1,18077,18379,16,16,16_16,23,True,ROI_16_16
AAGATGGCACCGGACC-1,1,18059,8823,7,15,7_15,17,True,ROI_7_15
AAGATTGGCGGAACGT-1,1,10233,15800,13,9,13_9,23,True,ROI_13_9
AAGCACCCTGCGTATC-1,1,18068,13464,11,15,11_15,20,True,ROI_11_15
AAGCATACTCTCCTGA-1,1,16641,12921,11,14,11_14,20,True,ROI_11_14
AAGCCGAAGCGGTTTA-1,1,15701,18111,16,13,16_13,20,True,ROI_16_13
AAGCCGCCGTGAAATC-1,1,19480,6636,5,17,5_17,23,True,ROI_5_17
AAGCGCAGGGCTTTGA-1,1,19968,13461,11,17,11_17,20,True,ROI_11_17
AAGCGGCGTCATGGGT-1,1,6196,16763,14,5,14_5,20,True,ROI_14_5
AAGCGTCCCTCATCGA-1,1,17583,8277,7,15,7_15,17,True,ROI_7_15
AAGCTAGATCGAGTAA-1,1,15928,12786,11,14,11_14,20,True,ROI_11_14
AAGCTCGTGCCAAGTC-1,1,12366,13475,11,10,11_10,20,True,ROI_11_10
AAGCTCTTTCATGGTG-1,1,17594,14558,12,15,12_15,20,True,ROI_12_15
AAGGAGAACTTATAAG-1,1,4761,11304,10,4,10_4,22,True,ROI_10_4
AAGGAGCGGTTGGTGC-1,1,10697,10065,8,9,8_9,20,True,ROI_8_9
AAGGATCGATCGCTTG-1,1,13325,18388,16,11,16_11,16,True,ROI_16_11
AAGGATGAGGGACCTC-1,1,10469,15390,13,9,13_9,23,True,ROI_13_9
AAGGCAGGCTGTCTCC-1,1,14040,19615,17,12,17_12,15,True,ROI_17_12
AAGGCGCGTAAAGCTT-1,1,9744,8701,7,8,7_8,16,True,ROI_7_8
AAGGCTGTGCTCATCG-1,1,11172,9791,8,9,8_9,20,True,ROI_8_9
AAGGGAACGACTGGCT-1,1,19005,6363,5,16,5_16,18,True,ROI_5_16
AAGGGACAGATTCTGT-1,1,10233,16073,14,9,14_9,20,True,ROI_14_9
AAGGGACTATGCATTC-1,1,18293,7047,6,16,6_16,16,True,ROI_6_16
AAGGTATCCTAATATA-1,1,9993,14571,12,8,12_8,20,True,ROI_12_8
AAGGTGATAAACCAGC-1,1,14509,16065,14,12,14_12,20,True,ROI_14_12
AAGTAGAAGACCGGGT-1,1,8559,9932,8,7,8_7,20,True,ROI_8_7
AAGTAGTGACGCGAGG-1,1,11881,7742,6,10,6_10,22,True,ROI_6_10
AAGTCAATTGTCGTCA-1,1,14749,17293,15,13,15_13,20,True,ROI_15_13
AAGTGACGACCGAATT-1,1,13780,6919,6,12,6_12,18,True,ROI_6_12
AAGTGAGTCGGGTTTA-1,1,18774,10050,8,16,8_16,16,True,ROI_8_16
AAGTGCCTTGACTGTA-1,1,14512,17703,15,12,15_12,20,True,ROI_15_12
AAGTGCGTTAGAATCT-1,1,15681,7189,6,13,6_13,22,True,ROI_6_13
AAGTGCTTCTCTATTG-1,1,20434,8545,7,18,7_18,16,True,ROI_7_18
AAGTGTTTGGAGACGG-1,1,16406,14423,12,14,12_14,20,True,ROI_12_14
AAGTTCACTCCAAGCT-1,1,17595,15104,13,15,13_15,19,True,ROI_13_15
AAGTTCAGTCTGCGTA-1,1,8336,17715,15,7,15_7,16,True,ROI_15_7
AAGTTCGGCCAACAGG-1,1,14970,8146,7,13,7_13,20,True,ROI_7_13
AAGTTGTGATGTTATA-1,1,19739,17967,15,17,15_17,20,True,ROI_15_17
AAGTTTACTAATGGCA-1,1,5237,11850,10,4,10_4,22,True,ROI_10_4
AAGTTTATGGGCCCAA-1,1,20205,13051,11,17,11_17,20,True,ROI_11_17
AATAACAACGCTCGGC-1,1,12593,7604,6,11,6_11,23,True,ROI_6_11
AATAACGTCGCGCCCA-1,1,21879,19192,16,19,16_19,13,True,ROI_16_19
AATAAGTCCTCGAGAC-1,1,5239,13215,11,4,11_4,20,True,ROI_11_4
AATACAATGTTTCAGG-1,1,9502,6108,5,8,5_8,16,True,ROI_5_8
AATACCGGAGGGCTGT-1,1,19959,8546,7,17,7_17,20,True,ROI_7_17
AATACCTGATGTGAAC-1,1,21638,17144,15,19,15_19,9,True,ROI_15_19
AATAGAATCTGTTTCA-1,1,15458,15244,13,13,13_13,19,True,ROI_13_13
AATAGCAAGCCTCCTG-1,1,5724,18675,16,5,16_5,20,True,ROI_16_5
AATAGCTACCGCGTGC-1,1,8575,18670,16,7,16_7,16,True,ROI_16_7
AATAGTCCGTCCCGAC-1,1,17588,11281,9,15,9_15,14,True,ROI_9_15
AATATCAAGGTCGGAT-1,1,5945,9254,8,5,8_5,20,True,ROI_8_5
AATATCGAATCAATGC-1,1,15701,18384,16,13,16_13,20,True,ROI_16_13
AATATCGAGGGTTCTC-1,1,10473,17301,15,9,15_9,20,True,ROI_15_9
AATATTGGAGTATTGA-1,1,12591,6512,5,11,5_11,19,True,ROI_5_11
AATCAGACTGCAGGAC-1,1,5227,6662,5,4,5_4,11,True,ROI_5_4
AATCAGGTTTCATTTA-1,1,20433,7999,7,18,7_18,16,True,ROI_7_18
AATCATGTAAAGACTC-1,1,16886,16880,14,14,14_14,20,True,ROI_14_14
AATCCAAGGGCCTGAG-1,1,7134,9935,8,6,8_6,20,True,ROI_8_6
AATCCATGCAAGGGTG-1,1,5941,7070,6,5,6_5,22,True,ROI_6_5
AATCGCCTCAGCGCCA-1,1,13318,14292,12,11,12_11,16,True,ROI_12_11
AATCGCGCAGAGGACT-1,1,14039,19069,16,12,16_12,20,True,ROI_16_12
AATCGGGACACTACGA-1,1,5949,11712,10,5,10_5,23,True,ROI_10_5
AATCGGTATAGCCCTC-1,1,20927,18374,16,18,16_18,23,True,ROI_16_18
AATCGTGAGCCGAGCA-1,1,19970,14826,13,17,13_17,23,True,ROI_13_17
AATCTAGGTTTACTTG-1,1,16390,5686,5,14,5_14,20,True,ROI_5_14
AATCTATGCCGGAGCC-1,1,10238,18530,16,9,16_9,20,True,ROI_16_9
AATCTGCGTTGGGACG-1,1,11658,16070,14,10,14_10,20,True,ROI_14_10
AATCTGGCTTTCTAGT-1,1,16153,5550,4,14,4_14,15,True,ROI_4_14
AATCTGGGTAGACCCT-1,1,5007,16355,14,4,14_4,10,True,ROI_14_4
AATGACAGCAATGTCT-1,1,15444,7599,6,13,6_13,22,True,ROI_6_13
AATGACTGTCAGCCGG-1,1,9509,9930,8,8,8_8,16,True,ROI_8_8
AATGAGTTCGCATATG-1,1,7602,6384,5,6,5_6,20,True,ROI_5_6
AATGATGATACGCTAT-1,1,9521,16211,14,8,14_8,20,True,ROI_14_8
AATGATGCGACTCCTG-1,1,9998,17302,15,8,15_8,20,True,ROI_15_8
AATGCAACCGGGTACC-1,1,9987,11568,10,8,10_8,23,True,ROI_10_8
AATGCACCAAGCAATG-1,1,8571,16758,14,7,14_7,16,True,ROI_14_7
AATGGTCCACCGTTCA-1,1,11164,5695,5,9,5_9,20,True,ROI_5_9
AATGGTTCTCACAAGC-1,1,8556,8294,7,7,7_7,20,True,ROI_7_7
AATGTATGGCACTGTA-1,1,19477,4724,4,17,4_17,20,True,ROI_4_17
AATGTGCCCGAGGTGT-1,1,17106,7186,6,15,6_15,20,True,ROI_6_15
AATGTGCTAATCTGAG-1,1,19720,7864,6,17,6_17,20,True,ROI_6_17
AATGTTGTCGTGAGAC-1,1,20214,18239,16,17,16_17,22,True,ROI_16_17
AATTAAAGGTCGGCGT-1,1,13548,10333,9,11,9_11,22,True,ROI_9_11
AATTAACGGATTTCCA-1,1,17828,12509,11,15,11_15,20,True,ROI_11_15
AATTCATAAGGGATCT-1,1,9520,15938,14,8,14_8,20,True,ROI_14_8
AATTCATTGTCATGCA-1,1,19002,4725,4,16,4_16,14,True,ROI_4_16
AATTCCAAGCATGTAC-1,1,19727,11414,10,17,10_17,20,True,ROI_10_17
AATTCGATTCGAGGAT-1,1,19731,13871,12,17,12_17,20,True,ROI_12_17
AATTGCAGCAATCGAC-1,1,19263,17421,15,17,15_17,20,True,ROI_15_17
AATTGCGTGGATTACA-1,1,19952,4723,4,17,4_17,20,True,ROI_4_17
AATTTGGGACATAGTA-1,1,7145,15942,14,6,14_6,20,True,ROI_14_6
AATTTGGTTCCAAAGA-1,1,6664,12666,11,5,11_5,20,True,ROI_11_5
ACAAACCATGCGTCCT-1,1,19241,5680,5,17,5_17,23,True,ROI_5_17
ACAAAGCATGACCTAG-1,1,19024,16739,14,16,14_16,20,True,ROI_14_16
ACAAATCGCACCGAAT-1,1,15932,14697,13,14,13_14,23,True,ROI_13_14
ACAAATTCAGATCTGA-1,1,5722,17583,15,5,15_5,20,True,ROI_15_5
ACAACAGCATGAGCTA-1,1,11653,13340,11,10,11_10,20,True,ROI_11_10
ACAACGGTCCCTGCGA-1,1,9267,7610,6,8,6_8,18,True,ROI_6_8
ACAAGCAGTGCCTAGC-1,1,11167,7060,6,9,6_9,23,True,ROI_6_9
ACAAGGAAATCCGCCC-1,1,15693,13742,12,13,12_13,9,True,ROI_12_13
ACAAGGACAAGAGGTT-1,1,10932,8563,7,9,7_9,20,True,ROI_7_9
ACAAGGATGCTTTAGG-1,1,18546,15375,13,16,13_16,21,True,ROI_13_16
ACAATAGTCGTACGTT-1,1,14016,6236,5,12,5_12,16,True,ROI_5_12
ACAATCCATTTAAACC-1,1,12594,7877,6,11,6_11,23,True,ROI_6_11
ACAATCGATCTTTATA-1,1,4524,11987,10,4,10_4,22,True,ROI_10_4
ACAATGAATACGGAGA-1,1,17582,7731,6,15,6_15,20,True,ROI_6_15
ACAATGATTCTTCTAC-1,1,5962,18811,16,5,16_5,20,True,ROI_16_5
ACAATTGTGTCTCTTT-1,1,16173,16745,14,14,14_14,20,True,ROI_14_14
ACAATTTGAGCAGTGG-1,1,10706,14707,13,9,13_9,23,True,ROI_13_9
ACACAAAGACGGGTGG-1,1,9749,11159,9,8,9_8,18,True,ROI_9_8
ACACACCAGGACCAGT-1,1,14509,15792,13,12,13_12,17,True,ROI_13_12
ACACACTTTCTACACG-1,1,7375,12255,10,6,10_6,22,True,ROI_10_6
ACACATGATCAAATCT-1,1,18291,5682,5,16,5_16,18,True,ROI_5_16
ACACATTTCCGTAGAC-1,1,21392,12639,11,18,11_18,20,True,ROI_11_18
ACACCACATAATTAGC-1,1,11427,19484,17,10,17_10,21,True,ROI_17_10
ACACCCAGCATGCAGC-1,1,9747,10340,9,8,9_8,18,True,ROI_9_8
ACACCCGAGAAATCCG-1,1,8557,8840,7,7,7_7,20,True,ROI_7_7
ACACCGGTCTGACCGC-1,1,19479,5817,5,17,5_17,23,True,ROI_5_17
ACACCTTAAGTAGGGC-1,1,9983,9384,8,8,8_8,16,True,ROI_8_8
ACACCTTACTACTTGC-1,1,13801,18660,16,12,16_12,20,True,ROI_16_12
ACACGAGACTCCTTCT-1,1,11416,13204,11,10,11_10,20,True,ROI_11_10
ACACGGCACTATGCAT-1,1,5714,13214,11,5,11_5,20,True,ROI_11_5
ACACGGGAACTTAGGG-1,1,10465,13205,11,9,11_9,20,True,ROI_11_9
ACACGTAGGCCACAAG-1,1,17839,18516,16,15,16_15,18,True,ROI_16_15
ACACTCCAATGTCACT-1,1,8076,5837,5,7,5_7,20,True,ROI_5_7
ACACTGGGACAGTCGT-1,1,18078,19198,16,16,16_16,23,True,ROI_16_16
ACAGAACTGAGAACAA-1,1,16392,6778,6,14,6_14,23,True,ROI_6_14
ACAGATTAGGTTAGTG-1,1,5711,11303,10,5,10_5,23,True,ROI_10_5
ACAGCATAGAGCCAGT-1,1,6424,11438,10,5,10_5,23,True,ROI_10_5
ACAGCGACATTCTCAT-1,1,18074,17014,15,16,15_16,20,True,ROI_15_16
ACAGCGCACCCGCAGC-1,1,6429,14441,12,5,12_5,20,True,ROI_12_5
ACAGGCACGGATCCTT-1,1,20449,16464,14,18,14_18,20,True,ROI_14_18
ACAGGCTTGCCCGACT-1,1,16646,15378,13,14,13_14,23,True,ROI_13_14
ACAGTAATACAACTTG-1,1,14965,5415,4,13,4_13,15,True,ROI_4_13
ACAGTATACCGTGGGA-1,1,8577,19762,17,7,17_7,17,True,ROI_17_7
ACATAATAAGGCGGTG-1,1,9038,12116,10,8,10_8,23,True,ROI_10_8
ACATCCCGGCCATACG-1,1,17113,11282,9,15,9_15,14,True,ROI_9_15
ACATCCTGGTAACTGT-1,1,14036,17431,15,12,15_12,20,True,ROI_15_12
ACATCGATCGTTTACC-1,1,14026,11970,10,12,10_12,16,True,ROI_10_12
ACATCGGTCAGCCGCG-1,1,13783,8557,7,12,7_12,16,True,ROI_7_12
ACATCGTTAACCTAGT-1,1,6190,13759,12,5,12_5,20,True,ROI_12_5
ACATCTCAACGCGTAA-1,1,5002,13625,12,4,12_4,17,True,ROI_12_4
ACATGGCGCCAAAGTA-1,1,13562,17705,15,12,15_12,20,True,ROI_15_12
ACATGGCTCAATTTAG-1,1,5938,5432,4,5,4_5,12,True,ROI_4_5
ACATTTGAAACCTAAC-1,1,21400,17008,15,18,15_18,20,True,ROI_15_18
ACCAAACACCCAGCGA-1,1,8101,19217,17,7,17_7,17,True,ROI_17_7
ACCAAACTAGAAATCC-1,1,4763,12670,11,4,11_4,20,True,ROI_11_4
ACCAACACCACACACT-1,1,8812,18533,16,7,16_7,16,True,ROI_16_7
ACCAACCGCACTCCAC-1,1,19499,16738,14,17,14_17,20,True,ROI_14_17
ACCAAGAACGCGTGTC-1,1,8084,10206,9,7,9_7,18,True,ROI_9_7
ACCAAGTCATCGGCAG-1,1,20689,17965,15,18,15_18,20,True,ROI_15_18
ACCAATATGCAAGTTA-1,1,17356,14148,12,15,12_15,20,True,ROI_12_15
ACCACAACTCAGAACA-1,1,5717,14579,12,5,12_5,20,True,ROI_12_5
ACCACAAGTTTCTATC-1,1,11174,10883,9,9,9_9,22,True,ROI_9_9
ACCACACGGTTGATGG-1,1,21870,14277,12,19,12_19,7,False,ROI_12_19
ACCACCAATGTAACAA-1,1,13800,18114,16,12,16_12,20,True,ROI_16_12
ACCACCCTCTCTTCTA-1,1,9528,20033,17,8,17_8,23,True,ROI_17_8
ACCACGTGCAGCTATA-1,1,15455,13879,12,13,12_13,9,True,ROI_12_13
ACCAGCCCGGTCTTTG-1,1,5002,13352,11,4,11_4,20,True,ROI_11_4
ACCAGGAGTGTGATCT-1,1,4760,11031,9,4,9_4,18,True,ROI_9_4
ACCAGTGCCCGGTCAA-1,1,6197,17582,15,5,15_5,20,True,ROI_15_5
ACCAGTGCGGGAGACG-1,1,15460,16336,14,13,14_13,20,True,ROI_14_13
ACCATATCCGCAATAA-1,1,13075,11153,9,11,9_11,22,True,ROI_9_11
ACCATCCGCCAACTAG-1,1,14489,5143,4,12,4_12,12,True,ROI_4_12
ACCATCGTATATGGTA-1,1,14021,9240,8,12,8_12,16,True,ROI_8_12
ACCCAACGCCCGTGGC-1,1,11182,15252,13,9,13_9,23,True,ROI_13_9
ACCCACCTACATGCTC-1,1,9979,6926,6,8,6_8,18,True,ROI_6_8
ACCCATCTTGAGGGTA-1,1,12832,8559,7,11,7_11,20,True,ROI_7_11
ACCCATTTGTCCCTCT-1,1,18312,17150,15,16,15_16,20,True,ROI_15_16
ACCCGAGCGAAATTAC-1,1,18532,7457,6,16,6_16,16,True,ROI_6_16
ACCCGATTGGTTCCGA-1,1,20434,8272,7,18,7_18,16,True,ROI_7_18
ACCCGGAAACTCCCAG-1,1,17590,12373,10,15,10_15,20,True,ROI_10_15
ACCCGGATGACGCATC-1,1,13086,17160,15,11,15_11,16,True,ROI_15_11
ACCCGGTTACACTTCC-1,1,14023,10059,8,12,8_12,16,True,ROI_8_12
ACCCGTAGTCTAGTTG-1,1,20217,19604,17,17,17_17,7,False,ROI_17_17
ACCCGTGTCATCAGTA-1,1,17825,10871,9,15,9_15,14,True,ROI_9_15
ACCCTATAGGACTGAG-1,1,6889,6249,5,6,5_6,20,True,ROI_5_6
ACCCTCCCGTCAGGGC-1,1,20450,17010,15,18,15_18,20,True,ROI_15_18
ACCCTCCCTTGCTATT-1,1,15457,14971,13,13,13_13,19,True,ROI_13_13
ACCCTGGTAACGCCCT-1,1,9051,19215,17,8,17_8,23,True,ROI_17_8
ACCCTTCATCTGCGAA-1,1,7138,12392,10,6,10_6,22,True,ROI_10_6
ACCCTTTAGTTCTCCA-1,1,5479,14443,12,4,12_4,17,True,ROI_12_4
ACCGAAAGGGCCCTGC-1,1,6185,10756,9,5,9_5,20,True,ROI_9_5
ACCGAAGAGTCTGGTT-1,1,17577,5001,4,15,4_15,15,True,ROI_4_15
ACCGACACATCTCCCA-1,1,18541,12644,11,16,11_16,16,True,ROI_11_16
ACCGACTGAGTCCCAC-1,1,10702,12522,11,9,11_9,20,True,ROI_11_9
ACCGAGTCTCCTTATT-1,1,20920,14278,12,18,12_18,20,True,ROI_12_18
ACCGATAGGCATAACC-1,1,18316,19608,17,16,17_16,8,True,ROI_17_16
ACCGATATTTAATCAT-1,1,16892,19883,17,14,17_14,15,True,ROI_17_14
ACCGATGGTAGCATCG-1,1,12609,16068,14,11,14_11,16,True,ROI_14_11
ACCGCAATAACTGCCT-1,1,16169,14287,12,14,12_14,20,True,ROI_12_14
ACCGCGGTGGAAGTCG-1,1,14512,17976,15,12,15_12,20,True,ROI_15_12
ACCGGGCCTTTGTTGA-1,1,14986,16883,14,13,14_13,20,True,ROI_14_13
ACCGGTCAGGTACACC-1,1,18053,5546,4,15,4_15,15,True,ROI_4_15
ACCGTGACCACGTGGG-1,1,18534,8822,7,16,7_16,16,True,ROI_7_16
ACCGTTCCCGCTCTGA-1,1,5238,12396,10,4,10_4,22,True,ROI_10_4
ACCTAAGTACCTTTCA-1,1,15919,7598,6,14,6_14,23,True,ROI_6_14
ACCTAATCGACTTCCT-1,1,11643,7606,6,10,6_10,22,True,ROI_6_10
ACCTACAGTATGTGGT-1,1,13802,18933,16,12,16_12,20,True,ROI_16_12
ACCTACTATAAATCTA-1,1,20202,11413,10,17,10_17,20,True,ROI_10_17
ACCTCCGCCCTCGCTG-1,1,17126,18108,16,15,16_15,18,True,ROI_16_15
ACCTCCGTTATTCACC-1,1,12138,18800,16,10,16_10,20,True,ROI_16_10
ACCTCGAACTTATGCT-1,1,19478,5543,4,17,4_17,20,True,ROI_4_17
ACCTGCGTGTCATGTT-1,1,14966,5961,5,13,5_13,20,True,ROI_5_13
ACCTTTCCTTTAGAAG-1,1,4050,12534,11,3,11_3,7,False,ROI_11_3
ACGAAATGGGCGGCAC-1,1,11641,6787,6,10,6_10,22,True,ROI_6_10
ACGACTCTAGGGCCGA-1,1,20923,16190,14,18,14_18,20,True,ROI_14_18
ACGACTGGTCATACTC-1,1,19246,8138,7,17,7_17,20,True,ROI_7_17
ACGAGAACCCATCACG-1,1,5943,8162,7,5,7_5,20,True,ROI_7_5
ACGAGATATTTGCTTA-1,1,6192,14578,12,5,12_5,20,True,ROI_12_5
ACGAGGATACCACTCT-1,1,15916,5960,5,14,5_14,20,True,ROI_5_14
ACGAGGTTTACAACGT-1,1,17577,5274,4,15,4_15,15,True,ROI_4_15
ACGAGTACGGATGCCC-1,1,10711,17710,15,9,15_9,20,True,ROI_15_9
ACGATACATAGAACTA-1,1,9280,14436,12,8,12_8,20,True,ROI_12_8
ACGATCATACATAGAG-1,1,9988,12114,10,8,10_8,23,True,ROI_10_8
ACGATCATCTTGTAAA-1,1,12611,17434,15,11,15_11,16,True,ROI_15_11
ACGATGCATATGTTAT-1,1,12834,9378,8,11,8_11,20,True,ROI_8_11
ACGATGGATCCGATGC-1,1,6427,13076,11,5,11_5,20,True,ROI_11_5
ACGCAAACTAATAGAT-1,1,19011,9913,8,16,8_16,16,True,ROI_8_16
ACGCAATCACTACAGC-1,1,10000,18394,16,8,16_8,20,True,ROI_16_8
ACGCATAAATGACATG-1,1,5249,18676,16,4,16_4,11,True,ROI_16_4
ACGCATACGTTTACTA-1,1,17362,17425,15,15,15_15,16,True,ROI_15_15
ACGCATTCGTGAGTAC-1,1,11888,11837,10,10,10_10,20,True,ROI_10_10
ACGCCACTCGAAACAG-1,1,21868,13184,11,19,11_19,8,True,ROI_11_19
ACGCCAGATGATTTCT-1,1,8090,13483,11,7,11_7,16,True,ROI_11_7
ACGCCAGTGCGTTTGC-1,1,21163,17418,15,18,15_18,20,True,ROI_15_18
ACGCCCAGCTGTCGAT-1,1,4764,13216,11,4,11_4,20,True,ROI_11_4
ACGCCGCTAGACGACC-1,1,14266,13198,11,12,11_12,16,True,ROI_11_12
ACGCGCTACACAGGGT-1,1,13781,7738,6,12,6_12,18,True,ROI_6_12
ACGCGGGCCAAGGACA-1,1,12126,11974,10,10,10_10,20,True,ROI_10_10
ACGCTAGTGATACACT-1,1,10710,17164,15,9,15_9,20,True,ROI_15_9
ACGCTGTGAGGCGTAG-1,1,13302,5282,4,11,4_11,9,True,ROI_4_11
ACGCTTAGTGTCTCTC-1,1,4767,14581,12,4,12_4,17,True,ROI_12_4
ACGGAACACGAGTGCC-1,1,21400,17281,15,18,15_18,20,True,ROI_15_18
ACGGAATTTAGCAAAT-1,1,7604,7203,6,6,6_6,23,True,ROI_6_6
ACGGACTCTCAAAGCG-1,1,18543,13737,12,16,12_16,16,True,ROI_12_16
ACGGAGCGCAAATTAC-1,1,8337,18261,16,7,16_7,16,True,ROI_16_7
ACGGATGGTGCGGATA-1,1,17594,14284,12,15,12_15,20,True,ROI_12_15
ACGGCGACGATGGGAA-1,1,15693,14015,12,13,12_13,9,True,ROI_12_13
ACGGCGGGTTGCCCTG-1,1,5229,7754,6,4,6_4,14,True,ROI_6_4
ACGGCTGGATGTAGAA-1,1,18527,4999,4,16,4_16,14,True,ROI_4_16
ACGGGAGTGTCGGCCC-1,1,15205,6917,6,13,6_13,22,True,ROI_6_13
ACGGGCGTATGCGACA-1,1,9764,19623,17,8,17_8,23,True,ROI_17_8
ACGGTACAGTTCAATG-1,1,20924,16736,14,18,14_18,20,True,ROI_14_18
ACGGTCACCGAGAACA-1,1,20903,5268,4,18,4_18,14,True,ROI_4_18
ACGTACAGATTTCTCT-1,1,6426,12530,11,5,11_5,20,True,ROI_11_5
ACGTACTTTGGCACGG-1,1,20670,7862,6,18,6_18,8,True,ROI_6_18
ACGTAGATTGCTGATG-1,1,11890,12657,11,10,11_10,20,True,ROI_11_10
ACGTAGGAGAGTCGCT-1,1,20680,13323,11,18,11_18,20,True,ROI_11_18
ACGTATTACTCCGATC-1,1,13798,16749,14,12,14_12,20,True,ROI_14_12
ACGTCCTAAACGAGAT-1,1,4049,11988,10,3,10_3,9,True,ROI_10_3
ACGTGCGCCTCGTGCA-1,1,8088,12117,10,7,10_7,18,True,ROI_10_7
ACGTTAATGTCGAAGA-1,1,13791,12926,11,12,11_12,16,True,ROI_11_12
ACGTTAGATTTGCCCG-1,1,13308,8831,7,11,7_11,20,True,ROI_7_11
ACGTTATTGGTCACTC-1,1,8550,5290,4,7,4_7,7,False,ROI_4_7
ACGTTCCGCGCTCCGT-1,1,5948,10893,9,5,9_5,20,True,ROI_9_5
ACGTTCGCAATCAATT-1,1,11901,18937,16,10,16_10,20,True,ROI_16_10
ACGTTCGTTCAGGAAA-1,1,18298,9505,8,16,8_16,16,True,ROI_8_16
ACGTTCTGTACAAGTC-1,1,19498,16465,14,17,14_17,20,True,ROI_14_17
ACGTTTAGTTGTGATC-1,1,7376,12801,11,6,11_6,20,True,ROI_11_6
ACTAATACGTCAGGCG-1,1,5959,16900,14,5,14_5,20,True,ROI_14_5
ACTACAAAGAGAGGTG-1,1,20912,10183,9,18,9_18,23,True,ROI_9_18
ACTACATCCCGACAAG-1,1,19004,5817,5,16,5_16,18,True,ROI_5_16
ACTACCAGCTCTCTGG-1,1,9983,9110,8,8,8_8,16,True,ROI_8_8
ACTACGCGTTAGAATT-1,1,18301,11143,9,16,9_16,18,True,ROI_9_16
ACTAGTTGCGATCGTC-1,1,15937,17701,15,14,15_14,20,True,ROI_15_14
ACTATATGCTGTGTTC-1,1,7148,17853,15,6,15_6,20,True,ROI_15_6
ACTATCCAGGGCATGG-1,1,13088,18252,16,11,16_11,16,True,ROI_16_11
ACTATCTGCCCGCGTA-1,1,16652,18928,16,14,16_14,20,True,ROI_16_14
ACTATGTCCAGCTGCC-1,1,19243,6500,5,17,5_17,23,True,ROI_5_17
ACTATTCGTCCGTGGT-1,1,7378,13621,12,6,12_6,20,True,ROI_12_6
ACTATTTCCGGGCCCA-1,1,18060,9096,8,15,8_15,6,False,ROI_8_15
ACTCAACGAATGTATT-1,1,5705,8026,7,5,7_5,20,True,ROI_7_5
ACTCAAGTGCAAGGCT-1,1,18308,15239,13,16,13_16,21,True,ROI_13_16
ACTCAATAAAGGCACG-1,1,9990,12933,11,8,11_8,20,True,ROI_11_8
ACTCAGACCTGCTTCT-1,1,6182,9390,8,5,8_5,20,True,ROI_8_5
ACTCATGGCAGCCTTC-1,1,19954,5816,5,17,5_17,23,True,ROI_5_17
ACTCCAATATCATCAT-1,1,19007,7456,6,16,6_16,16,True,ROI_6_16
ACTCCCATTCCTAAAG-1,1,15203,5824,5,13,5_13,20,True,ROI_5_13
ACTCCCGAATTCGTTT-1,1,11661,17708,15,10,15_10,20,True,ROI_15_10
ACTCCCGTAGACTAGG-1,1,9053,20307,17,8,17_8,23,True,ROI_17_8
ACTCCCTAATGCTAAA-1,1,17591,12919,11,15,11_15,20,True,ROI_11_15
ACTCCGGCCGACCACT-1,1,20685,15781,13,18,13_18,21,True,ROI_13_18
ACTCGCCGTTCGATAA-1,1,19977,18649,16,17,16_17,22,True,ROI_16_17
ACTCGTAACCCGTCCT-1,1,15680,6643,5,13,5_13,20,True,ROI_5_13
ACTCGTCAGTAATCCC-1,1,12605,14157,12,11,12_11,16,True,ROI_12_11
ACTCTCTGACTTAGGT-1,1,14030,14154,12,12,12_12,13,True,ROI_12_12
ACTCTCTTATACACGA-1,1,5955,14988,13,5,13_5,22,True,ROI_13_5
ACTCTGACCTAATAGA-1,1,20449,16737,14,18,14_18,20,True,ROI_14_18
ACTCTTGTATAGTAAC-1,1,12603,13065,11,11,11_11,19,True,ROI_11_11
ACTGAAACGCCGTTAG-1,1,17597,16196,14,15,14_15,16,True,ROI_14_15
ACTGAATGGCGAAAGT-1,1,15219,14835,13,13,13_13,19,True,ROI_13_13
ACTGATTTAGTGATTC-1,1,5004,14444,12,4,12_4,17,True,ROI_12_4
ACTGCCCGCCATTCTC-1,1,20195,7590,6,17,6_17,20,True,ROI_6_17
ACTGCCGTCGTAACTC-1,1,7852,13074,11,6,11_6,20,True,ROI_11_6
ACTGCGGACACACCGT-1,1,12853,19754,17,11,17_11,13,True,ROI_17_11
ACTGGGATGCCAGTGC-1,1,21388,10728,9,18,9_18,23,True,ROI_9_18
ACTGTACGATACACAT-1,1,11180,14160,12,9,12_9,20,True,ROI_12_9
ACTGTAGCACTTTGGA-1,1,10457,8837,7,9,7_9,20,True,ROI_7_9
ACTGTATACGCGAGCA-1,1,6418,8434,7,5,7_5,20,True,ROI_7_5
ACTGTCCAGGATTATA-1,1,11887,11018,9,10,9_10,23,True,ROI_9_10
ACTGTCTTCTTTAGAA-1,1,11176,12248,10,9,10_9,20,True,ROI_10_9
ACTGTGCTAGTAGATC-1,1,7130,7750,6,6,6_6,23,True,ROI_6_6
ACTGTTTAGTGTAGGC-1,1,4761,11577,10,4,10_4,22,True,ROI_10_4
ACTTACCGGGCGCGCA-1,1,6671,16489,14,5,14_5,20,True,ROI_14_5
ACTTACGCATCCACGC-1,1,17831,14148,12,15,12_15,20,True,ROI_12_15
ACTTAGTACGACAAGA-1,1,7367,7887,6,6,6_6,23,True,ROI_6_6
ACTTATACTTACCCGG-1,1,12608,15795,13,11,13_11,13,True,ROI_13_11
ACTTATTAGGATCGGT-1,1,13074,10607,9,11,9_11,22,True,ROI_9_11
ACTTATTTATGTGCCA-1,1,14984,15791,13,13,13_13,19,True,ROI_13_13
ACTTCAGGCTGATCCC-1,1,16169,14560,12,14,12_14,20,True,ROI_12_14
ACTTCCATGCGGGACA-1,1,18546,15102,13,16,13_16,21,True,ROI_13_16
ACTTCGCCATACGCAC-1,1,10466,13751,12,9,12_9,20,True,ROI_12_9
ACTTGACTCCCTCTTT-1,1,14029,13335,11,12,11_12,16,True,ROI_11_12
ACTTGCCATATTGTAC-1,1,4998,11167,9,4,9_4,18,True,ROI_9_4
ACTTGGGACCCGGTGG-1,1,10935,10201,9,9,9_9,22,True,ROI_9_9
ACTTGTAGTCCCTTCA-1,1,14489,4870,4,12,4_12,12,True,ROI_4_12
ACTTGTGGATGGAACG-1,1,16413,18246,16,14,16_14,20,True,ROI_16_14
ACTTGTTACCGGATCA-1,1,21864,11273,9,19,9_19,4,False,ROI_9_19
ACTTTACCCTCATGAA-1,1,11662,17982,15,10,15_10,20,True,ROI_15_10
ACTTTCCTATAGCTTC-1,1,10701,11976,10,9,10_9,20,True,ROI_10_9
ACTTTGACTGCATCCT-1,1,13301,5009,4,11,4_11,9,True,ROI_4_11
ACTTTGGTCGTGCTCC-1,1,18528,5272,4,16,4_16,14,True,ROI_4_16
AGAAATTATGACTCGC-1,1,16653,19201,17,14,17_14,15,True,ROI_17_14
AGAACCCTCAATTGGG-1,1,18527,4726,4,16,4_16,14,True,ROI_4_16
AGAACGTGGTACATTC-1,1,10466,13478,11,9,11_9,20,True,ROI_11_9
AGAACTGTACTTTGTA-1,1,21637,16598,14,19,14_19,6,False,ROI_14_19
AGAAGAGCGCCGTTCC-1,1,13083,15521,13,11,13_11,13,True,ROI_13_11
AGAAGGTACACTTCAC-1,1,16390,5413,4,14,4_14,15,True,ROI_4_14
AGAAGGTTGCCGAATT-1,1,14022,9513,8,12,8_12,16,True,ROI_8_12
AGAAGGTTGTAGGTCG-1,1,19257,14145,12,17,12_17,20,True,ROI_12_17
AGAAGTGATTCGTGAT-1,1,15443,7326,6,13,6_13,22,True,ROI_6_13
AGAATACAGGCTATCC-1,1,21875,17007,15,19,15_19,9,True,ROI_15_19
AGAATGCGGGTTCGGA-1,1,6911,18263,16,6,16_6,20,True,ROI_16_6
AGAATTATGGATTCGA-1,1,11660,16889,14,10,14_10,20,True,ROI_14_10
AGAATTGTTTGACATA-1,1,8078,6657,5,7,5_7,20,True,ROI_5_7
AGACATAGATCCTTCC-1,1,5708,9937,8,5,8_5,20,True,ROI_8_5
AGACCATGGGATACAA-1,1,9267,7337,6,8,6_8,18,True,ROI_6_8
AGACCCGCCCTCCTCG-1,1,10224,11158,9,9,9_9,22,True,ROI_9_9
AGACCGCTCCGCGGTT-1,1,16177,18656,16,14,16_14,20,True,ROI_16_14
AGACCGGGAAACCCTG-1,1,13778,5827,5,12,5_12,16,True,ROI_5_12
AGACGAAGTGCCGGTC-1,1,15698,16745,14,13,14_13,20,True,ROI_14_13
AGACGACGATGCCGCT-1,1,16632,8006,7,14,7_14,9,True,ROI_7_14
AGACGGGCCGATTTAA-1,1,5960,17446,15,5,15_5,20,True,ROI_15_5
AGACTAGCCTTCCAGA-1,1,10697,9792,8,9,8_9,20,True,ROI_8_9
AGACTGTTACCGGGTC-1,1,19011,9640,8,16,8_16,16,True,ROI_8_16
AGAGAAACACCAGAAA-1,1,20196,8136,7,17,7_17,20,True,ROI_7_17
AGAGAACCGTCTAGGA-1,1,10232,15527,13,9,13_9,23,True,ROI_13_9
AGAGAAGGAGTACAAT-1,1,17820,8140,7,15,7_15,17,True,ROI_7_15
AGAGATCTCTAAAGCG-1,1,13540,5964,5,11,5_11,19,True,ROI_5_11
AGAGCAGTTATGAGAC-1,1,10927,6105,5,9,5_9,20,True,ROI_5_9
AGAGCCGCCGAGATTT-1,1,17840,18789,16,15,16_15,18,True,ROI_16_15
AGAGCGGGCTAATCAT-1,1,7851,12254,10,6,10_6,22,True,ROI_10_6
AGAGCGTACAAGCTCG-1,1,9742,7336,6,8,6_8,18,True,ROI_6_8
AGAGCTACGAAAGCAT-1,1,6413,5704,5,5,5_5,20,True,ROI_5_5
AGAGGCTTCGGAAACC-1,1,16174,17291,15,14,15_14,20,True,ROI_15_14
AGAGGGACAATTGTCC-1,1,5726,19767,17,5,17_5,23,True,ROI_17_5
AGAGGTATCTCGGTCC-1,1,4759,10485,9,4,9_4,18,True,ROI_9_4
AGAGTAAACTTCACTA-1,1,15463,17975,15,13,15_13,20,True,ROI_15_13
AGAGTATAGTGTTACG-1,1,10716,20168,17,9,17_9,22,True,ROI_17_9
AGAGTTAGAGACCGAT-1,1,5484,16901,14,4,14_4,10,True,ROI_14_4
AGATAACTTCAGGGCC-1,1,11646,9517,8,10,8_10,20,True,ROI_8_10
AGATACCAATAGAACC-1,1,19265,18514,16,17,16_17,22,True,ROI_16_17
AGATACCAGCACTTCA-1,1,7864,19627,17,6,17_6,22,True,ROI_17_6
AGATACCGGTGTTCAC-1,1,13545,8694,7,11,7_11,20,True,ROI_7_11
AGATACGACTTCATAT-1,1,7606,8296,7,6,7_6,20,True,ROI_7_6
AGATATAATACGACTA-1,1,19255,13326,11,17,11_17,20,True,ROI_11_17
AGATCGTGCATAAGAT-1,1,9047,16758,14,8,14_8,20,True,ROI_14_8
AGATCTCAGGTGTGAT-1,1,10941,13751,12,9,12_9,20,True,ROI_12_9
AGATGACTCGCCCACG-1,1,9036,11024,9,8,9_8,18,True,ROI_9_8
AGATGAGGGTTGCGAT-1,1,7384,16897,14,6,14_6,20,True,ROI_14_6
AGATGATGGAGTCTGG-1,1,12137,17981,15,10,15_10,20,True,ROI_15_10
AGATGCAAGACGTGCA-1,1,17818,6775,5,15,5_15,22,True,ROI_5_15
AGATTATAGGACGTTT-1,1,12599,10881,9,11,9_11,22,True,ROI_9_11
AGATTCACAACCGATA-1,1,16627,5276,4,14,4_14,15,True,ROI_4_14
AGCAAAGGCCGCTAGT-1,1,18305,13328,11,16,11_16,16,True,ROI_11_16
AGCAACATATCTTATT-1,1,13797,16203,14,12,14_12,20,True,ROI_14_12
AGCAACCGAAAGTAAT-1,1,17342,6230,5,15,5_15,22,True,ROI_5_15
AGCACACGTTTAGACT-1,1,20194,7044,6,17,6_17,20,True,ROI_6_17
AGCACCAGTACTCACG-1,1,10464,12386,10,9,10_9,20,True,ROI_10_9
AGCACTACCGGCCTGT-1,1,12115,6240,5,10,5_10,15,True,ROI_5_10
AGCACTACCTCACCAG-1,1,16644,14559,12,14,12_14,20,True,ROI_12_14
AGCACTTAAGGACGCC-1,1,11407,8289,7,10,7_10,20,True,ROI_7_10
AGCAGAAGGAGAAAGA-1,1,19254,12780,11,17,11_17,20,True,ROI_11_17
AGCAGCCAGATGAATA-1,1,17351,11418,10,15,10_15,20,True,ROI_10_15
AGCAGTCGAAGCATGC-1,1,21634,14960,13,19,13_19,6,False,ROI_13_19
AGCATATCAATATGCT-1,1,16173,16471,14,14,14_14,20,True,ROI_14_14
AGCATCATTTCGAAAG-1,1,16629,6095,5,14,5_14,20,True,ROI_5_14
AGCATCGTCGATAATT-1,1,9273,10614,9,8,9_8,18,True,ROI_9_8
AGCATTACGAGGCAAG-1,1,19976,17830,15,17,15_17,20,True,ROI_15_17
AGCCAAGCTTTGTGTC-1,1,19252,11414,10,17,10_17,20,True,ROI_10_17
AGCCACAGGTTACCCG-1,1,19022,15647,13,16,13_16,21,True,ROI_13_16
AGCCACTCCCGTGCTT-1,1,9518,14572,12,8,12_8,20,True,ROI_12_8
AGCCATATAGTATGTG-1,1,20916,12367,10,18,10_18,20,True,ROI_10_18
AGCCCATACATGTAAG-1,1,14017,7055,6,12,6_12,18,True,ROI_6_12
AGCCCGCAACAAGCAG-1,1,20201,10867,9,17,9_17,22,True,ROI_9_17
AGCCCGCACTACAATG-1,1,21403,18646,16,18,16_18,23,True,ROI_16_18
AGCCCGGCATTAGAGG-1,1,19244,7046,6,17,6_17,20,True,ROI_6_17
AGCCCGGTAGCCTGTA-1,1,18537,10187,9,16,9_16,18,True,ROI_9_16
AGCCCTAAGCGAAGTT-1,1,7613,12391,10,6,10_6,22,True,ROI_10_6
AGCCCTCCCTGGTGGC-1,1,19957,7454,6,17,6_17,20,True,ROI_6_17
AGCCCTTCTAATCCGA-1,1,8098,17578,15,7,15_7,16,True,ROI_15_7
AGCCCTTGGACATCCC-1,1,17603,19472,17,15,17_15,8,True,ROI_17_15
AGCCGTGGCTAAATGT-1,1,15917,6506,5,14,5_14,20,True,ROI_5_14
AGCCTAATACCCACGT-1,1,15915,5413,4,14,4_14,15,True,ROI_4_14
AGCCTTAAAGCGGAAG-1,1,9026,5563,4,7,4_7,7,False,ROI_4_7
AGCGACATCCCATTCA-1,1,8087,11571,10,7,10_7,18,True,ROI_10_7
AGCGACCAACGATATT-1,1,9986,11022,9,8,9_8,18,True,ROI_9_8
AGCGAGACGTGAAGGC-1,1,20193,6498,5,17,5_17,23,True,ROI_5_17
AGCGATGCGCCTAATA-1,1,19264,18241,16,17,16_17,22,True,ROI_16_17
AGCGCATAATGAATCG-1,1,17588,11008,9,15,9_15,14,True,ROI_9_15
AGCGCGGGTGCCAATG-1,1,9758,16074,14,8,14_8,20,True,ROI_14_8
AGCGCTTATGGGCAAG-1,1,5958,16627,14,5,14_5,20,True,ROI_14_5
AGCGGACACTTCGTAG-1,1,18777,11961,10,16,10_16,16,True,ROI_10_16
AGCGGCGGTTAGCGGT-1,1,15914,5140,4,14,4_14,15,True,ROI_4_14
AGCGGGAAGGGTCCAT-1,1,7131,8570,7,6,7_6,20,True,ROI_7_6
AGCGGGTCTGACACTC-1,1,19729,12506,11,17,11_17,20,True,ROI_11_17
AGCGGTTGCCGCTCTG-1,1,8339,19353,17,7,17_7,17,True,ROI_17_7
AGCGTACGAGAGCTAG-1,1,5940,6797,6,5,6_5,22,True,ROI_6_5
AGCGTCTGAACCCGCA-1,1,5468,8436,7,4,7_4,8,True,ROI_7_4
AGCTAACAAGCAATGT-1,1,18533,8003,7,16,7_16,16,True,ROI_7_16
AGCTAAGTACGCAGGC-1,1,19259,15237,13,17,13_17,23,True,ROI_13_17
AGCTAGAAGCAGAAGT-1,1,9047,17031,15,8,15_8,20,True,ROI_15_8
AGCTATTTAATCCAAC-1,1,7853,13620,12,6,12_6,20,True,ROI_12_6
AGCTCCATATATGTTC-1,1,17601,18380,16,15,16_15,18,True,ROI_16_15
AGCTCCTTCGCACATC-1,1,16408,15242,13,14,13_14,23,True,ROI_13_14
AGCTCTAGACGTTCCA-1,1,13080,13883,12,11,12_11,16,True,ROI_12_11
AGCTCTTCCCAGTGCA-1,1,8332,15530,13,7,13_7,18,True,ROI_13_7
AGCTCTTCGTAACCTT-1,1,13325,18115,16,11,16_11,16,True,ROI_16_11
AGCTCTTTACTCAGTT-1,1,13785,9650,8,12,8_12,16,True,ROI_8_12
AGCTGAAGTAAACCAA-1,1,8806,14983,13,7,13_7,18,True,ROI_13_7
AGCTGTAACCTCAATC-1,1,16869,7323,6,14,6_14,23,True,ROI_6_14
AGCTTATAGAGACCTG-1,1,5233,9938,8,4,8_4,7,False,ROI_8_4
AGCTTCTTCTCGAGCA-1,1,20212,17147,15,17,15_17,20,True,ROI_15_17
AGCTTGATCTTAACTT-1,1,13779,6646,5,12,5_12,16,True,ROI_5_12
AGGAAGCTGTCCGCCG-1,1,18541,12371,10,16,10_16,16,True,ROI_10_16
AGGACATCGCACGTCG-1,1,7844,8705,7,6,7_6,20,True,ROI_7_6
AGGACGACCCATTAGA-1,1,14260,9649,8,12,8_12,16,True,ROI_8_12
AGGACGCTCGATGTTG-1,1,8334,16895,14,7,14_7,16,True,ROI_14_7
AGGAGACATCCACAGT-1,1,9765,20169,17,8,17_8,23,True,ROI_17_8
AGGAGGCCTTCGCGCG-1,1,16411,16881,14,14,14_14,20,True,ROI_14_14
AGGATAAAGTCGGGAT-1,1,16640,12375,10,14,10_14,10,True,ROI_10_14
AGGATATAGGGATTTA-1,1,14985,16610,14,13,14_13,20,True,ROI_14_13
AGGATATCCGACTGCA-1,1,20924,16463,14,18,14_18,20,True,ROI_14_18
AGGATCACGCGATCTG-1,1,15440,5687,5,13,5_13,20,True,ROI_5_13
AGGATTGCTTACGACA-1,1,11190,19894,17,9,17_9,22,True,ROI_17_9
AGGCACGTGACTGTCC-1,1,17603,19199,16,15,16_15,18,True,ROI_16_15
AGGCAGATGCGTAAAC-1,1,10232,15254,13,9,13_9,23,True,ROI_13_9
AGGCAGGGAGCGTACT-1,1,18062,10188,9,15,9_15,14,True,ROI_9_15
AGGCATTGTCGTAGGG-1,1,15699,17018,15,13,15_13,20,True,ROI_15_13
AGGCCACCCGTTATGA-1,1,10695,8700,7,9,7_9,20,True,ROI_7_9
AGGCCCAGTGACTGGT-1,1,6175,5568,4,5,4_5,12,True,ROI_4_5
AGGCCCATTGTACAGG-1,1,7611,11026,9,6,9_6,20,True,ROI_9_6
AGGCCCTAGAACGCCA-1,1,14730,6917,6,13,6_13,22,True,ROI_6_13
AGGCCTATCATACCAA-1,1,21150,10592,9,18,9_18,23,True,ROI_9_18
AGGCCTGAGAATCTCG-1,1,18784,15511,13,16,13_16,21,True,ROI_13_16
AGGCGGTTTGTCCCGC-1,1,18054,5819,5,15,5_15,22,True,ROI_5_15
AGGCGTCTATGGACGG-1,1,7863,18808,16,6,16_6,20,True,ROI_16_6
AGGCTATGGTTAGCTT-1,1,10218,7608,6,9,6_9,23,True,ROI_6_9
AGGCTTGCTAGACACC-1,1,9739,5971,5,8,5_8,16,True,ROI_5_8
AGGGAAACGAGGTACT-1,1,7144,15669,13,6,13_6,23,True,ROI_13_6
AGGGACCGGCTGCGTT-1,1,12613,18526,16,11,16_11,16,True,ROI_16_11
AGGGAGACATACTTCG-1,1,10951,18938,16,9,16_9,20,True,ROI_16_9
AGGGCAGCGGCGTGGT-1,1,5953,13623,12,5,12_5,20,True,ROI_12_5
AGGGCGAGCAGCTGAT-1,1,14491,6235,5,12,5_12,16,True,ROI_5_12
AGGGCGTGATCGGCTA-1,1,8083,9660,8,7,8_7,20,True,ROI_8_7
AGGGCTGCAGTTACAG-1,1,12364,12383,10,10,10_10,20,True,ROI_10_10
AGGGTCAGAGCACTCG-1,1,20197,8955,7,17,7_17,20,True,ROI_7_17
AGGGTCAGTAACCCTA-1,1,7625,18945,16,6,16_6,20,True,ROI_16_6
AGGGTCGATGCGAACT-1,1,12847,16751,14,11,14_11,16,True,ROI_14_11
AGGGTGCCGTTCTTTA-1,1,19483,8001,7,17,7_17,20,True,ROI_7_17
AGGGTGCTCTCGAGGG-1,1,12133,16069,14,10,14_10,20,True,ROI_14_10
AGGGTTCAGACGGTCC-1,1,20436,9637,8,18,8_18,19,True,ROI_8_18
AGGGTTCCCTTTGGTT-1,1,11182,15525,13,9,13_9,23,True,ROI_13_9
AGGGTTTAGTTCGGGA-1,1,11889,12111,10,10,10_10,20,True,ROI_10_10
AGGTAACCTCCTATTC-1,1,7132,9116,8,6,8_6,20,True,ROI_8_6
AGGTACGATATTGCCA-1,1,6903,13894,12,6,12_6,20,True,ROI_12_6
AGGTAGATCGAGATAT-1,1,19008,8275,7,16,7_16,16,True,ROI_7_16
AGGTAGGTACAAAGCT-1,1,12356,7741,6,10,6_10,22,True,ROI_6_10
AGGTATAATTGATAGT-1,1,12375,18390,16,10,16_10,20,True,ROI_16_10
AGGTCAGGTGAGAGTG-1,1,14966,6234,5,13,5_13,20,True,ROI_5_13
AGGTCGCGGAGTTACT-1,1,10236,17711,15,9,15_9,20,True,ROI_15_9
AGGTGCACGTCCACAT-1,1,20688,17692,15,18,15_18,20,True,ROI_15_18
AGGTGGTGACCTTCGC-1,1,19251,11141,9,17,9_17,22,True,ROI_9_17
AGGTGTATCGCCATGA-1,1,12827,5829,5,11,5_11,19,True,ROI_5_11
AGGTTACACCATGCCG-1,1,14277,19205,17,12,17_12,15,True,ROI_17_12
AGGTTCTCCTTTCCGG-1,1,19714,4587,4,17,4_17,20,True,ROI_4_17
AGGTTGAGGCACGCTT-1,1,9278,13617,12,8,12_8,20,True,ROI_12_8
AGGTTTCACACACCTT-1,1,13790,12653,11,12,11_12,16,True,ROI_11_12
AGTAACGTTCATCCTG-1,1,5244,15945,14,4,14_4,10,True,ROI_14_4
AGTAACTATAGCAGCC-1,1,20927,18101,16,18,16_18,23,True,ROI_16_18
AGTAATCTAAGGGTGG-1,1,21635,15506,13,19,13_19,6,False,ROI_13_19
AGTAATGTCTTGCCGC-1,1,7850,11708,10,6,10_6,22,True,ROI_10_6
AGTAATTTGCAAGCGT-1,1,20427,4723,4,18,4_18,14,True,ROI_4_18
AGTACAGAAGCTTATA-1,1,20919,14005,12,18,12_18,20,True,ROI_12_18
AGTACATCATTTATCA-1,1,10950,18392,16,9,16_9,20,True,ROI_16_9
AGTACCTTCGAGTGCT-1,1,6436,18264,16,5,16_5,20,True,ROI_16_5
AGTACGGGCACCTGGC-1,1,9992,14298,12,8,12_8,20,True,ROI_12_8
AGTACGTGGCCTGTCT-1,1,5481,15535,13,4,13_4,19,True,ROI_13_4
AGTACTCTTATGCCCA-1,1,17359,15514,13,15,13_15,19,True,ROI_13_15
AGTAGAAGGCGCCTCA-1,1,20678,11958,10,18,10_18,20,True,ROI_10_18
AGTAGCGTGAACGAAC-1,1,4527,13353,11,4,11_4,20,True,ROI_11_4
AGTAGGAAGGAAGTTG-1,1,7859,16896,14,6,14_6,20,True,ROI_14_6
AGTAGGTAACATACAT-1,1,7135,10481,9,6,9_6,20,True,ROI_9_6
AGTATAATACTAGGCA-1,1,9981,8018,7,8,7_8,16,True,ROI_7_8
AGTATACACAGCGACA-1,1,19249,10049,8,17,8_17,20,True,ROI_8_17
AGTATCCATAATAACG-1,1,4990,6799,6,4,6_4,14,True,ROI_6_4
AGTATGCTGGAGACCA-1,1,17818,7048,6,15,6_15,20,True,ROI_6_15
AGTCAAATGATGTGAT-1,1,19958,8273,7,17,7_17,20,True,ROI_7_17
AGTCAACACCACCATC-1,1,13785,9923,8,12,8_12,16,True,ROI_8_12
AGTCAAGATGACACTT-1,1,15459,15790,13,13,13_13,19,True,ROI_13_13
AGTCACTAGCTCTCGA-1,1,17124,17016,15,15,15_15,16,True,ROI_15_15
AGTCACTCCGCCTCAT-1,1,5467,7617,6,4,6_4,14,True,ROI_6_4
AGTCAGCCACCGCCTG-1,1,7842,7340,6,6,6_6,23,True,ROI_6_6
AGTCCAGCGGGTACGT-1,1,4989,6253,5,4,5_4,11,True,ROI_5_4
AGTCCATTGGCTGATG-1,1,14036,17158,15,12,15_12,20,True,ROI_15_12
AGTCCCGCCTTTAATT-1,1,8095,16213,14,7,14_7,16,True,ROI_14_7
AGTCGACGGTCTCAAG-1,1,13083,15795,13,11,13_11,13,True,ROI_13_11
AGTCGGCCCAAACGAC-1,1,9982,8837,7,8,7_8,16,True,ROI_7_8
AGTCGGCTCAACTTTA-1,1,15204,6643,5,13,5_13,20,True,ROI_5_13
AGTCGGTTGCGTGAGA-1,1,13564,18797,16,12,16_12,20,True,ROI_16_12
AGTCGTATAAAGCAGA-1,1,19495,14554,12,17,12_17,20,True,ROI_12_17
AGTCGTCGACCACCAA-1,1,17597,15923,14,15,14_15,16,True,ROI_14_15
AGTCGTGGGCATTACG-1,1,16156,7461,6,14,6_14,23,True,ROI_6_14
AGTCTAAAGTATACTC-1,1,10950,18665,16,9,16_9,20,True,ROI_16_9
AGTCTCACAAGACTAC-1,1,16869,7596,6,14,6_14,23,True,ROI_6_14
AGTCTGGACATCCTTG-1,1,8315,6247,5,7,5_7,20,True,ROI_5_7
AGTCTTCTCCTCAAAT-1,1,9751,12524,11,8,11_8,20,True,ROI_11_8
AGTCTTTAAAGTGTCC-1,1,19969,14007,12,17,12_17,20,True,ROI_12_17
AGTGAACAAACTTCTC-1,1,14511,17430,15,12,15_12,20,True,ROI_15_12
AGTGAAGATGGTGTCC-1,1,9053,20034,17,8,17_8,23,True,ROI_17_8
AGTGACCTACTTTACG-1,1,14499,10604,9,12,9_12,18,True,ROI_9_12
AGTGACTGTGACACAA-1,1,19719,7318,6,17,6_17,20,True,ROI_6_17
AGTGAGACTTCCAGTA-1,1,12370,15386,13,10,13_10,22,True,ROI_13_10
AGTGAGCCTCGCCGCC-1,1,10948,17573,15,9,15_9,20,True,ROI_15_9
AGTGAGGGTTTCTGAC-1,1,5956,15534,13,5,13_5,22,True,ROI_13_5
AGTGAGTCGAATTAAC-1,1,19977,18376,16,17,16_17,22,True,ROI_16_17
AGTGATAACCTGCGCG-1,1,18072,15649,13,16,13_16,21,True,ROI_13_16
AGTGATATGAGTAGTT-1,1,14736,10194,9,13,9_13,21,True,ROI_9_13
AGTGATTCAAGCAGGA-1,1,11895,15387,13,10,13_10,22,True,ROI_13_10
AGTGCACGCTTAAGAA-1,1,16410,16608,14,14,14_14,20,True,ROI_14_14
AGTGCGTAGCTCGTAA-1,1,14972,9238,8,13,8_13,18,True,ROI_8_13
AGTGCTAAACACAGCA-1,1,18547,15921,14,16,14_16,20,True,ROI_14_16
AGTGCTTGCACGAATA-1,1,13796,15657,13,12,13_12,17,True,ROI_13_12
AGTGGCCCGCAAATGG-1,1,21399,16462,14,18,14_18,20,True,ROI_14_18
AGTGGCGGCAATTTGA-1,1,9758,16347,14,8,14_8,20,True,ROI_14_8
AGTGGCGTCTGAAGGT-1,1,18783,15238,13,16,13_16,21,True,ROI_13_16
AGTGGCTCCGTCGGCC-1,1,13539,5145,4,11,4_11,9,True,ROI_4_11
AGTGTATTGCGCATTG-1,1,8096,16486,14,7,14_7,16,True,ROI_14_7
AGTGTGGTCTATTGTG-1,1,9028,6655,5,7,5_7,20,True,ROI_5_7
AGTTAAACACTTGCGA-1,1,13547,9514,8,11,8_11,20,True,ROI_8_11
AGTTAAGCGGTCCCGG-1,1,7855,14439,12,6,12_6,20,True,ROI_12_6
AGTTAAGTCAACCGCT-1,1,16155,6915,6,14,6_14,23,True,ROI_6_14
AGTTACCGCACATGGT-1,1,10214,5424,4,9,4_9,8,True,ROI_4_9
AGTTACTCTATCGTGG-1,1,7619,15668,13,6,13_6,23,True,ROI_13_6
AGTTATTCAGACTGTG-1,1,22116,18782,16,19,16_19,13,True,ROI_16_19
AGTTCCTACAGAATTA-1,1,11173,10337,9,9,9_9,22,True,ROI_9_9
AGTTCCTATTTATGTT-1,1,14265,12379,10,12,10_12,16,True,ROI_10_12
AGTTCTGCGTTGTATC-1,1,7127,6112,5,6,5_6,20,True,ROI_5_6
AGTTGACATCGGCTGG-1,1,6416,7069,6,5,6_5,22,True,ROI_6_5
AGTTGACGGTCCTTGC-1,1,19490,12097,10,17,10_17,20,True,ROI_10_17
AGTTGCGGTCCTCAAC-1,1,20665,4859,4,18,4_18,14,True,ROI_4_18
AGTTGCTGACTGATAT-1,1,7839,5974,5,6,5_6,20,True,ROI_5_6
AGTTGGCAAGGCTAGA-1,1,20214,17966,15,17,15_17,20,True,ROI_15_17
AGTTTATGTAAAGACA-1,1,10003,20032,17,8,17_8,23,True,ROI_17_8
AGTTTCGCAGGTCGGA-1,1,6900,11983,10,6,10_6,22,True,ROI_10_6
AGTTTGCACCTGCCTC-1,1,17830,13601,12,15,12_15,20,True,ROI_12_15
AGTTTGGCACGGGTTG-1,1,15462,17428,15,13,15_13,20,True,ROI_15_13
AGTTTGGCCAGACCTA-1,1,15206,7736,6,13,6_13,22,True,ROI_6_13
ATAAACGGACCCGTAA-1,1,15214,11831,10,13,10_13,16,True,ROI_10_13
ATAAACGTTGCACCAC-1,1,17601,18107,16,15,16_15,18,True,ROI_16_15
ATAAAGGCTCGGTCGT-1,1,12123,10335,9,10,9_10,23,True,ROI_9_10
ATAAAGGTCAAGTACG-1,1,5243,15126,13,4,13_4,19,True,ROI_13_4
ATAAATATTAGCAGCT-1,1,13068,7330,6,11,6_11,23,True,ROI_6_11
ATAACGCCGGAGGGTC-1,1,12368,14567,12,10,12_10,20,True,ROI_12_10
ATAACGGAGTCCAACG-1,1,9991,13752,12,8,12_8,20,True,ROI_12_8
ATAACGTTACCTCCAC-1,1,6438,19083,16,5,16_5,20,True,ROI_16_5
ATAAGGTGGAGAACAT-1,1,15929,13332,11,14,11_14,20,True,ROI_11_14
ATAAGTACCCGATTGT-1,1,6200,18947,16,5,16_5,20,True,ROI_16_5
ATAAGTAGGATTCAGA-1,1,10473,17574,15,9,15_9,20,True,ROI_15_9
ATAAGTAGGGCGACTC-1,1,12613,18253,16,11,16_11,16,True,ROI_16_11
ATAAGTTACCGCGACG-1,1,14974,10603,9,13,9_13,21,True,ROI_9_13
ATAATACCGTTAGCCG-1,1,7839,5701,5,6,5_6,20,True,ROI_5_6
ATAATAGCTGTTGAAT-1,1,15214,12104,10,13,10_13,16,True,ROI_10_13
ATAATAGTGTAGGGAC-1,1,8317,7612,6,7,6_7,22,True,ROI_6_7
ATAATCTTGGAGAACC-1,1,18544,14010,12,16,12_16,16,True,ROI_12_16
ATAATTAGCTAAGTAG-1,1,19253,12234,10,17,10_17,20,True,ROI_10_17
ATACAGGCCCTCCAAT-1,1,17355,13329,11,15,11_15,20,True,ROI_11_15
ATACCACGGGCAACTT-1,1,12355,7468,6,10,6_10,22,True,ROI_6_10
ATACCAGCAAATTGCT-1,1,4999,11714,10,4,10_4,22,True,ROI_10_4
ATACCAGGCTAATAGA-1,1,6185,11029,9,5,9_5,20,True,ROI_9_5
ATACCAGGTGAGCGAT-1,1,4285,11032,9,3,9_3,7,False,ROI_9_3
ATACCGTCATCCATAA-1,1,7626,19218,17,6,17_6,22,True,ROI_17_6
ATACCTAACCAAGAAA-1,1,17828,12236,10,15,10_15,20,True,ROI_10_15
ATACGCCGGCGAAACC-1,1,13555,14155,12,12,12_12,13,True,ROI_12_12
ATACGGAACGTCGTTT-1,1,17342,6503,5,15,5_15,22,True,ROI_5_15
ATACGGGTTTCGATTG-1,1,9280,14709,13,8,13_8,22,True,ROI_13_8
ATACGTACTTAGCCAC-1,1,17118,14012,12,15,12_15,20,True,ROI_12_15
ATACGTCCACTCCTGT-1,1,15222,16200,14,13,14_13,20,True,ROI_14_13
ATACGTTATGCACGGA-1,1,19015,12097,10,16,10_16,16,True,ROI_10_16
ATACTACCCGTACCAC-1,1,18076,17833,15,16,15_16,20,True,ROI_15_16
ATACTAGCATGACCCT-1,1,9038,11843,10,8,10_8,23,True,ROI_10_8
ATACTCTCGCCACTCT-1,1,6178,6933,6,5,6_5,22,True,ROI_6_5
ATACTGCCTTACACCG-1,1,17833,14967,13,15,13_15,19,True,ROI_13_15
ATAGACAACGGGACCT-1,1,10708,16072,14,9,14_9,20,True,ROI_14_9
ATAGACGAAGAGAAAG-1,1,11884,9653,8,10,8_10,20,True,ROI_8_10
ATAGAGTACTGGGACA-1,1,10222,10066,8,9,8_9,20,True,ROI_8_9
ATAGAGTTATCAACTT-1,1,10471,16209,14,9,14_9,20,True,ROI_14_9
ATAGATTTGCAGTCGG-1,1,4288,12671,11,3,11_3,7,False,ROI_11_3
ATAGCAACTAGGGAAG-1,1,18786,16876,14,16,14_16,20,True,ROI_14_16
ATAGCCATAACAGTCA-1,1,21166,19056,16,18,16_18,23,True,ROI_16_18
ATAGCCTCAGTACCCA-1,1,8313,5427,4,7,4_7,7,False,ROI_4_7
ATAGGAATCTAAGCTT-1,1,5247,17584,15,4,15_4,8,True,ROI_15_4
ATAGGCGGCTATAGAA-1,1,14257,8010,7,12,7_12,16,True,ROI_7_12
ATAGGCTAGCTTCGCA-1,1,9997,16756,14,8,14_8,20,True,ROI_14_8
ATAGGGATATCCTTGA-1,1,9040,13208,11,8,11_8,20,True,ROI_11_8
ATAGGTTGGGCAGATG-1,1,10701,12249,10,9,10_9,20,True,ROI_10_9
ATAGTCTTTGACGTGC-1,1,5713,12668,11,5,11_5,20,True,ROI_11_5
ATAGTGAAGCGTTCTC-1,1,13788,11288,9,12,9_12,18,True,ROI_9_12
ATAGTTCCACCCACTC-1,1,13086,17433,15,11,15_11,16,True,ROI_15_11
ATATAAAGCGCTCGTG-1,1,17829,12782,11,15,11_15,20,True,ROI_11_15
ATATAAATGTAGCTGC-1,1,16880,13603,12,14,12_14,20,True,ROI_12_14
ATATAACACGGGCGCA-1,1,19736,16328,14,17,14_17,20,True,ROI_14_17
ATATACGCTCGTGACG-1,1,18789,18242,16,16,16_16,23,True,ROI_16_16
ATATAGAGTATTGGTC-1,1,19002,4998,4,16,4_16,14,True,ROI_4_16
ATATCAACCTACAGAG-1,1,12849,17843,15,11,15_11,16,True,ROI_15_11
ATATCGGTAGGGAGAT-1,1,13088,18525,16,11,16_11,16,True,ROI_16_11
ATATCGTGCCAGACCC-1,1,4766,14308,12,4,12_4,17,True,ROI_12_4
ATATCGTTCCTCGAAC-1,1,17835,16059,14,15,14_15,16,True,ROI_14_15
ATATCTCCCTCGTTAA-1,1,8569,15393,13,7,13_7,18,True,ROI_13_7
ATATCTTAGGGCCTTC-1,1,12363,11837,10,10,10_10,20,True,ROI_10_10
ATATGGGATAGCAACT-1,1,20914,11002,9,18,9_18,23,True,ROI_9_18
ATATGTCTAGAGCGTG-1,1,21630,12775,11,19,11_19,8,True,ROI_11_19
ATATGTCTCCCTAGCC-1,1,12372,16751,14,10,14_10,20,True,ROI_14_10
ATATGTGCACAAACCA-1,1,6201,19766,17,5,17_5,23,True,ROI_17_5
ATATTCAGTTAAACCT-1,1,14496,8966,7,12,7_12,16,True,ROI_7_12
ATATTCCACATAGTGA-1,1,16168,14014,12,14,12_14,20,True,ROI_12_14
ATATTCCCACAGGTCA-1,1,6662,11574,10,5,10_5,23,True,ROI_10_5
ATATTGCTGTCAAAGT-1,1,8318,7885,6,7,6_7,22,True,ROI_6_7
ATATTTAACCCTCAAG-1,1,11412,11019,9,10,9_10,23,True,ROI_9_10
ATCAAACACTGTTCCA-1,1,15225,18112,16,13,16_13,20,True,ROI_16_13
ATCAAACGAAGGTTTG-1,1,15682,8008,7,13,7_13,20,True,ROI_7_13
ATCAAGATCCCAGGAC-1,1,21152,11411,10,18,10_18,20,True,ROI_10_18
ATCAATCTGGGCTGCA-1,1,11889,12384,10,10,10_10,20,True,ROI_10_10
ATCAATGCCGTGGCTG-1,1,18529,6091,5,16,5_16,18,True,ROI_5_16
ATCACATTAGAATATC-1,1,8805,14710,13,7,13_7,18,True,ROI_13_7
ATCACGTGCTAATTAA-1,1,14970,8419,7,13,7_13,20,True,ROI_7_13
ATCACTTCATCCTCGC-1,1,9039,12662,11,8,11_8,20,True,ROI_11_8
ATCAGACGGCACGCCG-1,1,14497,9239,8,12,8_12,16,True,ROI_8_12
ATCAGCCTCATGCTGC-1,1,17596,15377,13,15,13_15,19,True,ROI_13_15
ATCAGCTCGTCCACTA-1,1,15678,5550,4,13,4_13,15,True,ROI_4_13
ATCAGGTCGCCATTGC-1,1,5958,16354,14,5,14_5,20,True,ROI_14_5
ATCAGTAGGCAGGGAT-1,1,9519,15391,13,8,13_8,22,True,ROI_13_8
ATCATAGCCCTATGTA-1,1,18788,17968,15,16,15_16,20,True,ROI_15_16
ATCATCCAATATTTGT-1,1,13313,11562,10,11,10_11,20,True,ROI_10_11
ATCATCTGCCCAGTGT-1,1,4530,14991,13,4,13_4,19,True,ROI_13_4
ATCCAACGCAGTCATA-1,1,9982,8564,7,8,7_8,16,True,ROI_7_8
ATCCAATGGAGGGTCC-1,1,14255,7191,6,12,6_12,18,True,ROI_6_12
ATCCACATCGACAGAA-1,1,18780,13327,11,16,11_16,16,True,ROI_11_16
ATCCACGCTAAATGTT-1,1,5242,14853,13,4,13_4,19,True,ROI_13_4
ATCCACTTTCAGACTA-1,1,5725,19221,17,5,17_5,23,True,ROI_17_5
ATCCAGGATTCGTGAA-1,1,13547,9787,8,11,8_11,20,True,ROI_8_11
ATCCCATCCACAGCGC-1,1,18765,5408,4,16,4_16,14,True,ROI_4_16
ATCCCATTTCCGTGGG-1,1,20914,11275,9,18,9_18,23,True,ROI_9_18
ATCCTACCTAAGCTCT-1,1,14498,10058,8,12,8_12,16,True,ROI_8_12
ATCCTGAATCGCTGCG-1,1,13067,7057,6,11,6_11,23,True,ROI_6_11
ATCCTGCGTGGAATGG-1,1,14735,9921,8,13,8_13,18,True,ROI_8_13
ATCCTGCTGCAGATAG-1,1,5470,9528,8,4,8_4,7,False,ROI_8_4
ATCGACCCAATACAGA-1,1,14264,12106,10,12,10_12,16,True,ROI_10_12
ATCGACTCTTTCCGTT-1,1,9513,11842,10,8,10_8,23,True,ROI_10_8
ATCGCACGATTGTTCA-1,1,5701,5842,5,5,5_5,20,True,ROI_5_5
ATCGCACGCCGGGAGA-1,1,9987,11295,10,8,10_8,23,True,ROI_10_8
ATCGCCAGTCAACATT-1,1,14750,17839,15,13,15_13,20,True,ROI_15_13
ATCGCTGCGTGCAGCA-1,1,9525,18668,16,8,16_8,20,True,ROI_16_8
ATCGGAGACAGACGGC-1,1,16405,13877,12,14,12_14,20,True,ROI_12_14
ATCGGCAAGCAGTCCA-1,1,8809,16621,14,7,14_7,16,True,ROI_14_7
ATCGTCCAATCGAGTC-1,1,6175,5295,4,5,4_5,12,True,ROI_4_5
ATCGTGGAAAGTCTGG-1,1,19005,6637,5,16,5_16,18,True,ROI_5_16
ATCGTTAGCTAGCGGA-1,1,17836,16878,14,15,14_15,16,True,ROI_14_15
ATCGTTCACTTTCGCC-1,1,6433,16353,14,5,14_5,20,True,ROI_14_5
ATCTAATATCCTACGG-1,1,17116,12647,11,15,11_15,20,True,ROI_11_15
ATCTACCATCTGCTCC-1,1,20684,15508,13,18,13_18,21,True,ROI_13_18
ATCTAGCTTGTGAGGG-1,1,19966,12369,10,17,10_17,20,True,ROI_10_17
ATCTCCCACGGAATAT-1,1,18314,18242,16,16,16_16,23,True,ROI_16_16
ATCTCCCTGCAATCTA-1,1,7853,13347,11,6,11_6,20,True,ROI_11_6
ATCTCGTGAGCGAAAC-1,1,15465,19340,17,13,17_13,15,True,ROI_17_13
ATCTGACATGGAAGGA-1,1,19010,9094,8,16,8_16,16,True,ROI_8_16
ATCTGCACCTCTGCGA-1,1,10948,17300,15,9,15_9,20,True,ROI_15_9
ATCTGCTGTTATCGCC-1,1,19964,11277,9,17,9_17,22,True,ROI_9_17
ATCTGGGCTGTTCTTG-1,1,18542,12918,11,16,11_16,16,True,ROI_11_16
ATCTGGTTAAGACTGT-1,1,10229,13888,12,9,12_9,20,True,ROI_12_9
ATCTGTAATTGTACCC-1,1,7611,11299,10,6,10_6,22,True,ROI_10_6
ATCTTAGGGCATTAAT-1,1,20428,4996,4,18,4_18,14,True,ROI_4_18
ATCTTATCGCACACCC-1,1,19263,17695,15,17,15_17,20,True,ROI_15_17
ATCTTGACCTGCAACG-1,1,10221,9520,8,9,8_9,20,True,ROI_8_9
ATCTTGACTTGTCCAA-1,1,11187,18255,16,9,16_9,20,True,ROI_16_9
ATCTTTCGTATAACCA-1,1,10240,19895,17,9,17_9,22,True,ROI_17_9
ATGAAGCCAAGGAGCC-1,1,9271,9794,8,8,8_8,16,True,ROI_8_8
ATGACGCCGGCTCTAA-1,1,7849,11435,10,6,10_6,22,True,ROI_10_6
ATGACGCGTTCTATCC-1,1,16394,7597,6,14,6_14,23,True,ROI_6_14
ATGACTATCAGCTGTG-1,1,19010,9367,8,16,8_16,16,True,ROI_8_16
ATGACTATGCGACATT-1,1,15458,15517,13,13,13_13,19,True,ROI_13_13
ATGAGGAGTGTTAATC-1,1,9981,8291,7,8,7_8,16,True,ROI_7_8
ATGAGGGCAGCGGCTA-1,1,14041,19888,17,12,17_12,15,True,ROI_17_12
ATGATCGGGAATAGAC-1,1,7848,10889,9,6,9_6,20,True,ROI_9_6
ATGATGCAATGGTACA-1,1,14499,10331,9,12,9_12,18,True,ROI_9_12
ATGCACGCGCTGTTCA-1,1,18052,5000,4,15,4_15,15,True,ROI_4_15
ATGCACTACCGCATTG-1,1,10459,9656,8,9,8_9,20,True,ROI_8_9
ATGCATGATCCAGGAT-1,1,9989,12387,10,8,10_8,23,True,ROI_10_8
ATGCATTCCGTGATGG-1,1,4997,10621,9,4,9_4,18,True,ROI_9_4
ATGCCAATCGCTCTGC-1,1,7623,17852,15,6,15_6,20,True,ROI_15_6
ATGCCATTTGCGACCA-1,1,14271,15929,14,12,14_12,20,True,ROI_14_12
ATGCCGGTCTTGCATA-1,1,11417,13750,12,10,12_10,20,True,ROI_12_10
ATGCCGGTTGATGGGA-1,1,8568,14847,13,7,13_7,18,True,ROI_13_7
ATGCGACAATTGGTCC-1,1,7149,18399,16,6,16_6,20,True,ROI_16_6
ATGCGACAGTCCCATT-1,1,12366,13202,11,10,11_10,20,True,ROI_11_10
ATGCGAGTCCCACCAC-1,1,15462,17701,15,13,15_13,20,True,ROI_15_13
ATGCTCAGTGTTGCAT-1,1,9030,7474,6,7,6_7,22,True,ROI_6_7
ATGCTCTGGCGCGGTA-1,1,18306,13874,12,16,12_16,16,True,ROI_12_16
ATGCTTAGGAGTTGAT-1,1,17365,18790,16,15,16_15,18,True,ROI_16_15
ATGGAACCTTTGCACA-1,1,13091,19890,17,11,17_11,13,True,ROI_17_11
ATGGAGCAGGCCGTGA-1,1,12602,12519,11,11,11_11,19,True,ROI_11_11
ATGGATCCGGCGTCCG-1,1,8567,14301,12,7,12_7,16,True,ROI_12_7
ATGGATTGACCAAACG-1,1,10463,11840,10,9,10_9,20,True,ROI_10_9
ATGGCAGCATTACGAT-1,1,19242,5953,5,17,5_17,23,True,ROI_5_17
ATGGCTGGAAATGGCC-1,1,6195,16217,14,5,14_5,20,True,ROI_14_5
ATGGGAACGGAAGCGG-1,1,5006,15536,13,4,13_4,19,True,ROI_13_4
ATGGGACCTGCTGAAC-1,1,18532,7730,6,16,6_16,16,True,ROI_6_16
ATGGGCCTCGGCCTCT-1,1,14746,15928,14,13,14_13,20,True,ROI_14_13
ATGGGTGTATACCTCC-1,1,19243,6773,5,17,5_17,23,True,ROI_5_17
ATGGTATTGGGAACCG-1,1,21390,11820,10,18,10_18,20,True,ROI_10_18
ATGGTATTTACTGATT-1,1,20428,5269,4,18,4_18,14,True,ROI_4_18
ATGGTCGCGTGGTTTC-1,1,14745,15109,13,13,13_13,19,True,ROI_13_13
ATGGTGCTCAAAGCCA-1,1,4286,11305,10,3,10_3,9,True,ROI_10_3
ATGGTTACGAAACATG-1,1,5488,19358,17,4,17_4,7,False,ROI_17_4
ATGTAAGGCTGCTCTT-1,1,11663,18801,16,10,16_10,20,True,ROI_16_10
ATGTACATGCGGTGAG-1,1,19265,18787,16,17,16_17,22,True,ROI_16_17
ATGTACGATGACGTCG-1,1,19728,12233,10,17,10_17,20,True,ROI_10_17
ATGTAGCGCGCGTAGG-1,1,20205,13324,11,17,11_17,20,True,ROI_11_17
ATGTGAAAGCCTAATG-1,1,14967,6507,5,13,5_13,20,True,ROI_5_13
ATGTGCATCCGACGCA-1,1,9512,11296,10,8,10_8,23,True,ROI_10_8
ATGTGTAGTTTAGTCA-1,1,5236,11577,10,4,10_4,22,True,ROI_10_4
ATGTTACGAGCAATAC-1,1,7604,7477,6,6,6_6,23,True,ROI_6_6
ATGTTGATTAGAGACT-1,1,20210,16055,14,17,14_17,20,True,ROI_14_17
ATGTTGTAGTCTGTTT-1,1,19486,9912,8,17,8_17,20,True,ROI_8_17
ATTAAACATGCGGACC-1,1,14263,11560,10,12,10_12,16,True,ROI_10_12
ATTAATACTACGCGGG-1,1,9276,12525,11,8,11_8,20,True,ROI_11_8
ATTAATGAACCAGTCG-1,1,9517,14299,12,8,12_8,20,True,ROI_12_8
ATTAATTCGGTCACTC-1,1,7376,12528,11,6,11_6,20,True,ROI_11_6
ATTACAACTACCGGCC-1,1,6669,15397,13,5,13_5,22,True,ROI_13_5
ATTACATGTCAGTCTT-1,1,15938,18247,16,14,16_14,20,True,ROI_16_14
ATTACCACACTGCCTG-1,1,15466,19613,17,13,17_13,15,True,ROI_17_13
ATTACGACTCCACAGT-1,1,8577,20035,17,7,17_7,17,True,ROI_17_7
ATTACGCGCTGGCAGG-1,1,13543,7602,6,11,6_11,23,True,ROI_6_11
ATTACTAGCCTCTTGC-1,1,8321,9523,8,7,8_7,20,True,ROI_8_7
ATTACTTACTGGGCAT-1,1,9285,17167,15,8,15_8,20,True,ROI_15_8
ATTAGATTCCTCAGCA-1,1,9999,17848,15,8,15_8,20,True,ROI_15_8
ATTAGATTGATAGCGG-1,1,8559,10205,9,7,9_7,18,True,ROI_9_7
ATTAGGCGATGCTTTC-1,1,12841,13201,11,11,11_11,19,True,ROI_11_11
ATTATACTTTGCTCGT-1,1,8329,14165,12,7,12_7,16,True,ROI_12_7
ATTATAGCTACTTTAC-1,1,11902,19210,17,10,17_10,21,True,ROI_17_10
ATTATCGGAATGTACG-1,1,20439,11276,9,18,9_18,23,True,ROI_9_18
ATTATCTCGACAGATC-1,1,5712,11849,10,5,10_5,23,True,ROI_10_5
ATTATGAGACCCAATT-1,1,19715,5133,4,17,4_17,20,True,ROI_4_17
ATTATGCCATAGGGAG-1,1,9036,10751,9,8,9_8,18,True,ROI_9_8
ATTATTATGTCCGTCA-1,1,18059,8550,7,15,7_15,17,True,ROI_7_15
ATTATTCAGAGTCACT-1,1,19974,16738,14,17,14_17,20,True,ROI_14_17
ATTCAACCATTTAAGG-1,1,17837,17151,15,15,15_15,16,True,ROI_15_15
ATTCACTGATGTTGGA-1,1,17354,12783,11,15,11_15,20,True,ROI_11_15
ATTCAGGACCTATTTC-1,1,8809,16895,14,7,14_7,16,True,ROI_14_7
ATTCAGTAGCAGGGTC-1,1,10454,6925,6,9,6_9,23,True,ROI_6_9
ATTCATATACTGTCCA-1,1,14976,11695,10,13,10_13,16,True,ROI_10_13
ATTCATCGTTGAGGCA-1,1,18547,15648,13,16,13_16,21,True,ROI_13_16
ATTCCCACATAAACAA-1,1,10216,6789,6,9,6_9,23,True,ROI_6_9
ATTCCTAAGACGTGGA-1,1,7624,18125,16,6,16_6,20,True,ROI_16_6
ATTCCTCCGCCAGTGC-1,1,9507,8838,7,8,7_8,16,True,ROI_7_8
ATTCCTTCCAGGCGGT-1,1,6415,6796,6,5,6_5,22,True,ROI_6_5
ATTCGACGCCGGGCCT-1,1,12592,7058,6,11,6_11,23,True,ROI_6_11
ATTCGCGCCTTGAGAG-1,1,19501,18104,16,17,16_17,22,True,ROI_16_17
ATTCGTGCTATCTCTT-1,1,14038,18523,16,12,16_12,20,True,ROI_16_12
ATTCGTTTATCGTATT-1,1,22115,18508,16,19,16_19,13,True,ROI_16_19
ATTCTCGTCTCTTTAG-1,1,6660,10482,9,5,9_5,20,True,ROI_9_5
ATTCTGAGTATGAACT-1,1,5481,15262,13,4,13_4,19,True,ROI_13_4
ATTCTTCGTACTTATG-1,1,6193,15398,13,5,13_5,22,True,ROI_13_5
ATTGAAGATCTTAGTG-1,1,11410,10200,9,10,9_10,23,True,ROI_9_10
ATTGACCGGCGATGAC-1,1,8813,19079,16,7,16_7,16,True,ROI_16_7
ATTGACGTAACTCGGT-1,1,5952,13350,11,5,11_5,20,True,ROI_11_5
ATTGATAGCAACGAGA-1,1,6890,6522,5,6,5_6,20,True,ROI_5_6
ATTGATGAGTCCTAAC-1,1,11898,17025,15,10,15_10,20,True,ROI_15_10
ATTGCCTATTAGACCG-1,1,19956,6908,6,17,6_17,20,True,ROI_6_17
ATTGCCTTTATGTTTG-1,1,19258,14964,13,17,13_17,23,True,ROI_13_17
ATTGCGATCAGTAACT-1,1,16174,17018,15,14,15_14,20,True,ROI_15_14
ATTGCTGCTCCTCCAT-1,1,12359,9379,8,10,8_10,20,True,ROI_8_10
ATTGGATTACAGCGTA-1,1,16887,17426,15,14,15_14,20,True,ROI_15_14
ATTGGGAATATCTTGG-1,1,6897,10618,9,6,9_6,20,True,ROI_9_6
ATTGGGAGTTCTGTAA-1,1,5963,19084,16,5,16_5,20,True,ROI_16_5
ATTGGTTGTGCATTAC-1,1,21164,17964,15,18,15_18,20,True,ROI_15_18
ATTGTACAACTCGGCT-1,1,12374,17571,15,10,15_10,20,True,ROI_15_10
ATTGTCGCAATACCTT-1,1,7618,15122,13,6,13_6,23,True,ROI_13_6
ATTGTCTGTTTCATGT-1,1,20913,10729,9,18,9_18,23,True,ROI_9_18
ATTGTGACTTCGCTGC-1,1,6674,18400,16,5,16_5,20,True,ROI_16_5
ATTTAACTCGTATTAC-1,1,7372,10617,9,6,9_6,20,True,ROI_9_6
ATTTACAGTTTACTGG-1,1,11170,8699,7,9,7_9,20,True,ROI_7_9
ATTTACTAAGTCCATT-1,1,11426,18665,16,10,16_10,20,True,ROI_16_10
ATTTATACTGGTAAAG-1,1,21869,13731,12,19,12_19,7,False,ROI_12_19
ATTTCATTATTTCGCG-1,1,7379,14167,12,6,12_6,20,True,ROI_12_6
ATTTCCGGGTTCTGCG-1,1,17108,8278,7,15,7_15,17,True,ROI_7_15
ATTTGCCTAGTTACGA-1,1,4287,11851,10,3,10_3,9,True,ROI_10_3
ATTTGCGCGAGTAGCT-1,1,16632,7733,6,14,6_14,23,True,ROI_6_14
ATTTGTCTTGGGAGCT-1,1,13557,14974,13,12,13_12,17,True,ROI_13_12
ATTTGTTCCAGGGCTC-1,1,8565,13209,11,7,11_7,16,True,ROI_11_7
CAAACCCTCCGGCGGG-1,1,20680,13050,11,18,11_18,20,True,ROI_11_18
CAAACGAGTATCGCAG-1,1,15210,9920,8,13,8_13,18,True,ROI_8_13
CAAACGGTCGCACTTT-1,1,11170,8972,7,9,7_9,20,True,ROI_7_9
CAAACGTGGTCTTGCG-1,1,5003,14171,12,4,12_4,17,True,ROI_12_4
CAAACTACGATAGAGA-1,1,6905,14987,13,6,13_6,23,True,ROI_13_6
CAAACTATTGAGCTTC-1,1,6666,13758,12,5,12_5,20,True,ROI_12_5
CAAACTCGCGACGCCG-1,1,14751,18658,16,13,16_13,20,True,ROI_16_13
CAAAGATTATTGGGCC-1,1,17344,7595,6,15,6_15,20,True,ROI_6_15
CAAAGGTTAAATTCAG-1,1,5250,19222,17,4,17_4,7,False,ROI_17_4
CAAATCTCTCACAAGG-1,1,14492,6781,6,12,6_12,18,True,ROI_6_12
CAAATGCGGAGTGTTC-1,1,4048,11442,10,3,10_3,9,True,ROI_10_3
CAAATGTCCTTCCGTG-1,1,14737,10740,9,13,9_13,21,True,ROI_9_13
CAAATTGGATTATGCC-1,1,9289,19351,17,8,17_8,23,True,ROI_17_8
CAAATTGTCAGCAAGC-1,1,7139,12665,11,6,11_6,20,True,ROI_11_6
CAACACATCTCCTGCC-1,1,11665,19893,17,10,17_10,21,True,ROI_17_10
CAACAGTGCCAAACGG-1,1,4051,13081,11,3,11_3,7,False,ROI_11_3
CAACCAGTGGCCTACC-1,1,18553,19198,16,16,16_16,23,True,ROI_16_16
CAACCTACCGAGCAGT-1,1,18550,17559,15,16,15_16,20,True,ROI_15_16
CAACCTGAACCTGCCA-1,1,10003,20305,17,8,17_8,23,True,ROI_17_8
CAACGACCCGTTTACA-1,1,8797,10341,9,7,9_7,18,True,ROI_9_7
CAACGGTTCTTGATAC-1,1,8319,8704,7,7,7_7,20,True,ROI_7_7
CAACGTGGTGGAGTCT-1,1,17127,18927,16,15,16_15,18,True,ROI_16_15
CAACTATATCGAATGC-1,1,7617,14303,12,6,12_6,20,True,ROI_12_6
CAACTCCAACGTTTAG-1,1,5005,15263,13,4,13_4,19,True,ROI_13_4
CAACTCCGTAACTTGC-1,1,7152,19765,17,6,17_6,22,True,ROI_17_6
CAACTCCTTGATCCCG-1,1,8321,9796,8,7,8_7,20,True,ROI_8_7
CAACTGAGGGTATGAC-1,1,6439,19902,17,5,17_5,23,True,ROI_17_5
CAACTGCTCATCCGAT-1,1,18063,11007,9,15,9_15,14,True,ROI_9_15
CAACTTGTAGTGGGCA-1,1,6182,9117,8,5,8_5,20,True,ROI_8_5
CAAGAAACCCTAAACT-1,1,5727,20040,17,5,17_5,23,True,ROI_17_5
CAAGATATTATAACGT-1,1,14746,15655,13,13,13_13,19,True,ROI_13_13
CAAGCAACGTCGGAGT-1,1,11645,8698,7,10,7_10,20,True,ROI_7_10
CAAGCACCAAATGCCT-1,1,8326,12527,11,7,11_7,16,True,ROI_11_7
CAAGCGGCACATAATT-1,1,16880,13330,11,14,11_14,20,True,ROI_11_14
CAAGGATCGCATGTTC-1,1,13553,12790,11,11,11_11,19,True,ROI_11_11
CAAGGCCAGTGGTGCA-1,1,19737,17148,15,17,15_17,20,True,ROI_15_17
CAAGGTCCTATAGGCT-1,1,12138,18527,16,10,16_10,20,True,ROI_16_10
CAAGTAAGTGATAGAC-1,1,20438,10730,9,18,9_18,23,True,ROI_9_18
CAAGTGAACTTTGGTT-1,1,5473,10894,9,4,9_4,18,True,ROI_9_4
CAAGTGTGGTTGCAAA-1,1,13559,16340,14,12,14_12,20,True,ROI_14_12
CAATAAACCTTGGCCC-1,1,10229,13615,12,9,12_9,20,True,ROI_12_9
CAATACGAGAGTCTGA-1,1,14516,19888,17,12,17_12,15,True,ROI_17_12
CAATACGCTCTGAGGC-1,1,13538,4872,4,11,4_11,9,True,ROI_4_11
CAATATGTAGATTTAC-1,1,5248,17857,15,4,15_4,8,True,ROI_15_4
CAATATTGGACTAGTG-1,1,5939,5978,5,5,5_5,20,True,ROI_5_5
CAATCCCTATACCAGC-1,1,6906,15533,13,6,13_6,23,True,ROI_13_6
CAATCCTGCCGTGGAG-1,1,7365,6794,6,6,6_6,23,True,ROI_6_6
CAATGACCCTTAATTT-1,1,21389,11274,9,18,9_18,23,True,ROI_9_18
CAATGAGGTTCGACTA-1,1,10952,19758,17,9,17_9,22,True,ROI_17_9
CAATGCGAGAAGTATC-1,1,16882,14695,13,14,13_14,23,True,ROI_13_14
CAATGGAATCTACATA-1,1,6194,15944,14,5,14_5,20,True,ROI_14_5
CAATGGATCTCTACCA-1,1,10707,15253,13,9,13_9,23,True,ROI_13_9
CAATGGTCGGCCTGGG-1,1,5473,11167,9,4,9_4,18,True,ROI_9_4
CAATGTGCCAACCCTT-1,1,12852,19208,17,11,17_11,13,True,ROI_17_11
CAATTAAGGGTGATGA-1,1,10939,12385,10,9,10_9,20,True,ROI_10_9
CAATTTCGTATAAGGG-1,1,12839,12109,10,11,10_11,20,True,ROI_10_11
CAATTTGACCGGGAAG-1,1,5700,5296,4,5,4_5,12,True,ROI_4_5
CACAAACCGCAGAACT-1,1,20929,19193,16,18,16_18,23,True,ROI_16_18
CACAAGAAAGATATTA-1,1,7387,18808,16,6,16_6,20,True,ROI_16_6
CACAAGCTAAGAAAGG-1,1,19953,5543,4,17,4_17,20,True,ROI_4_17
CACAATGAGCTGCTAT-1,1,14023,10332,9,12,9_12,18,True,ROI_9_12
CACACACGCTAACGAG-1,1,17125,17562,15,15,15_15,16,True,ROI_15_15
CACACAGCTTGCGCTC-1,1,15227,19204,17,13,17_13,15,True,ROI_17_13
CACACAGGGATAGATT-1,1,9979,7199,6,8,6_8,18,True,ROI_6_8
CACACGCGCTGTCTTA-1,1,11895,15660,13,10,13_10,22,True,ROI_13_10
CACACGTTTCAATGGG-1,1,5244,15672,13,4,13_4,19,True,ROI_13_4
CACACTTGTATTGCGA-1,1,6438,19356,17,5,17_5,23,True,ROI_17_5
CACAGAGACGAGGACG-1,1,19242,6227,5,17,5_17,23,True,ROI_5_17
CACAGCACCCACGGCA-1,1,11413,11565,10,10,10_10,20,True,ROI_10_10
CACAGCTAGGGAGTGA-1,1,8800,11707,10,7,10_7,18,True,ROI_10_7
CACAGGGCCATATAGT-1,1,17598,16742,14,15,14_15,16,True,ROI_14_15
CACAGGGCCGTTGTCA-1,1,18777,11688,10,16,10_16,16,True,ROI_10_16
CACAGTCCCGCTTCGC-1,1,18315,18788,16,16,16_16,23,True,ROI_16_16
CACAGTTCGCTTCCCA-1,1,16890,19064,16,14,16_14,20,True,ROI_16_14
CACATCGTGCACGCGC-1,1,18296,8686,7,16,7_16,16,True,ROI_7_16
CACATCTCACCGACGA-1,1,17593,13738,12,15,12_15,20,True,ROI_12_15
CACATGATTCAGCAAC-1,1,13077,12245,10,11,10_11,20,True,ROI_10_11
CACATGTTTGGACATG-1,1,6414,5977,5,5,5_5,20,True,ROI_5_5
CACATTCTTTCGATGG-1,1,8332,15803,13,7,13_7,18,True,ROI_13_7
CACATTTCTTGTCAGA-1,1,14513,18249,16,12,16_12,20,True,ROI_16_12
CACCAGTCAGCATGCA-1,1,18292,6501,5,16,5_16,18,True,ROI_5_16
CACCATCGGAGGAGAC-1,1,6662,11847,10,5,10_5,23,True,ROI_10_5
CACCATGATCGCAAAG-1,1,6913,19082,16,6,16_6,20,True,ROI_16_6
CACCCAAATCTTATGT-1,1,12374,17844,15,10,15_10,20,True,ROI_15_10
CACCCACACGTCACCC-1,1,8083,9387,8,7,8_7,20,True,ROI_8_7
CACCCACGAGGCAATT-1,1,8806,15256,13,7,13_7,18,True,ROI_13_7
CACCCGCGTTTGACAC-1,1,21404,19465,17,18,17_18,8,True,ROI_17_18
CACCCTAACAAGATCT-1,1,17357,14421,12,15,12_15,20,True,ROI_12_15
CACCCTTGGTGAGACC-1,1,15915,5687,5,14,5_14,20,True,ROI_5_14
CACCCTTTCCTCGCTC-1,1,5944,8981,7,5,7_5,20,True,ROI_7_5
CACCGATACACCGAGC-1,1,6430,14988,13,5,13_5,22,True,ROI_13_5
CACCGATGATGGGTAC-1,1,20929,19466,17,18,17_18,8,True,ROI_17_18
CACCGCCAGAAGGTTT-1,1,10462,11567,10,9,10_9,20,True,ROI_10_9
CACCGCCGACCAGCGA-1,1,6188,12667,11,5,11_5,20,True,ROI_11_5
CACCGCGTCCACTCTA-1,1,7861,17715,15,6,15_6,20,True,ROI_15_6
CACCGGAGATATCTCC-1,1,5720,16218,14,5,14_5,20,True,ROI_14_5
CACCGGGCATCACAAG-1,1,21161,16326,14,18,14_18,20,True,ROI_14_18
CACCGGTAGAGACATT-1,1,19716,5680,5,17,5_17,23,True,ROI_5_17
CACCGTATCCCATCCG-1,1,16412,17700,15,14,15_14,20,True,ROI_15_14
CACCGTTGCGCGATAT-1,1,15206,7463,6,13,6_13,22,True,ROI_6_13
CACCTAATAGAGTCGT-1,1,8078,6930,6,7,6_7,22,True,ROI_6_7
CACCTAATCAGTTTAC-1,1,8803,13345,11,7,11_7,16,True,ROI_11_7
CACCTCGATGGTGGAC-1,1,8327,13073,11,7,11_7,16,True,ROI_11_7
CACCTTGCGAAACTCG-1,1,9756,14981,13,8,13_8,22,True,ROI_13_8
CACCTTGGCGCCTTTG-1,1,14274,17567,15,12,15_12,20,True,ROI_15_12
CACGAAAGTTAGTCCC-1,1,11880,7469,6,10,6_10,22,True,ROI_6_10
CACGACGTAATAGTAA-1,1,5486,17993,15,4,15_4,8,True,ROI_15_4
CACGATTGGTCGTTAA-1,1,4046,10350,9,3,9_3,7,False,ROI_9_3
CACGCACAGCGCAGCT-1,1,9753,13343,11,8,11_8,20,True,ROI_11_8
CACGCAGCGAGGCTTT-1,1,11409,9381,8,10,8_10,20,True,ROI_8_10
CACGCGGAACTGTTGC-1,1,14035,16885,14,12,14_12,20,True,ROI_14_12
CACGGACGTGGATGGC-1,1,9528,20306,17,8,17_8,23,True,ROI_17_8
CACGGCGCGCCAAAGG-1,1,7623,17579,15,6,15_6,20,True,ROI_15_6
CACGTCAATCAATGGA-1,1,18791,19334,17,16,17_16,8,True,ROI_17_16
CACGTCGGCAACCTCT-1,1,15683,8554,7,13,7_13,20,True,ROI_7_13
CACGTCTATGATGTGG-1,1,5720,16491,14,5,14_5,20,True,ROI_14_5
CACGTTCGTGCTCTAG-1,1,12843,14566,12,11,12_11,16,True,ROI_12_11
CACGTTTCGTACACAC-1,1,17122,15924,14,15,14_15,16,True,ROI_14_15
CACTAAAGTTGCCTAT-1,1,12361,10471,9,10,9_10,23,True,ROI_9_10
CACTACGGGAGCTGCC-1,1,18076,18106,16,16,16_16,23,True,ROI_16_16
CACTACTCAGTTCTGT-1,1,5240,13761,12,4,12_4,17,True,ROI_12_4
CACTCAAGAGCTATGG-1,1,13312,11289,9,11,9_11,22,True,ROI_9_11
CACTCAGCTCTTGAGG-1,1,6665,13212,11,5,11_5,20,True,ROI_11_5
CACTCCTATGTAAGAT-1,1,17346,8414,7,15,7_15,17,True,ROI_7_15
CACTCCTCTCGGTCGG-1,1,7619,15395,13,6,13_6,23,True,ROI_13_6
CACTCGAGCTGAACAA-1,1,15455,13606,12,13,12_13,9,True,ROI_12_13
CACTCTCAAGCATCGA-1,1,20437,9910,8,18,8_18,19,True,ROI_8_18
CACTCTTCTGCTAGCC-1,1,18075,17287,15,16,15_16,20,True,ROI_15_16
CACTGACGATTGTGGA-1,1,19487,10458,9,17,9_17,22,True,ROI_9_17
CACTGTCCAAGTGAGA-1,1,8558,9386,8,7,8_7,20,True,ROI_8_7
CACTTAATCAGACGGA-1,1,12122,10062,8,10,8_10,20,True,ROI_8_10
CACTTCGCCACAGGCT-1,1,9030,7747,6,7,6_7,22,True,ROI_6_7
CACTTCGTCTTATCTC-1,1,7363,5429,4,6,4_6,9,True,ROI_4_6
CAGAACTTAGCCCTCT-1,1,16645,15105,13,14,13_14,23,True,ROI_13_14
CAGAATAACACACGGA-1,1,17127,18654,16,15,16_15,18,True,ROI_16_15
CAGACCTGTAAGTGTT-1,1,11423,17026,15,10,15_10,20,True,ROI_15_10
CAGAGCATGAGCTTGC-1,1,10228,13069,11,9,11_9,20,True,ROI_11_9
CAGAGTGATTTAACGT-1,1,6189,12940,11,5,11_5,20,True,ROI_11_5
CAGATAATGGGCGGGT-1,1,19738,17421,15,17,15_17,20,True,ROI_15_17
CAGATACTAACATAGT-1,1,10222,9793,8,9,8_9,20,True,ROI_8_9
CAGATATGAAGATGAC-1,1,19954,6089,5,17,5_17,23,True,ROI_5_17
CAGATCATTTAAAGTC-1,1,9287,18259,16,8,16_8,20,True,ROI_16_8
CAGATCCTGGTTTGAA-1,1,17103,5821,5,15,5_15,22,True,ROI_5_15
CAGCAGCCCGTTCCTT-1,1,10705,14161,12,9,12_9,20,True,ROI_12_9
CAGCAGTCCAGACTAT-1,1,15936,17155,15,14,15_14,20,True,ROI_15_14
CAGCAGTCTGTGCTGC-1,1,18780,13600,12,16,12_16,16,True,ROI_12_16
CAGCCCTCACAGGCAG-1,1,4762,12124,10,4,10_4,22,True,ROI_10_4
CAGCCGGGCCCTCTAT-1,1,6668,15124,13,5,13_5,22,True,ROI_13_5
CAGCCTCCTGCAGAGG-1,1,9517,14026,12,8,12_8,20,True,ROI_12_8
CAGCCTCTCCTCAAGA-1,1,7621,16487,14,6,14_6,20,True,ROI_14_6
CAGCTCACTGAGACAT-1,1,11888,11564,10,10,10_10,20,True,ROI_10_10
CAGCTCGACAAGTTAA-1,1,10708,15799,13,9,13_9,23,True,ROI_13_9
CAGCTCGTGCTTGTGT-1,1,7370,9252,8,6,8_6,20,True,ROI_8_6
CAGCTGGCGTAACCGT-1,1,15442,6507,5,13,5_13,20,True,ROI_5_13
CAGCTTAGTAGGTAGC-1,1,11642,7333,6,10,6_10,22,True,ROI_6_10
CAGGAAGACTTTATAT-1,1,7143,15123,13,6,13_6,23,True,ROI_13_6
CAGGATATATCGTTGT-1,1,14501,11696,10,12,10_12,16,True,ROI_10_12
CAGGCAGTCTTACCAG-1,1,19496,15100,13,17,13_17,23,True,ROI_13_17
CAGGCCAGTACCACCT-1,1,20904,5814,5,18,5_18,17,True,ROI_5_18
CAGGCCGTTTGGGTGT-1,1,13309,9377,8,11,8_11,20,True,ROI_8_11
CAGGCGCACGGTGGTC-1,1,17344,7322,6,15,6_15,20,True,ROI_6_15
CAGGCGCCATGCTAGG-1,1,15692,13469,11,13,11_13,12,True,ROI_11_13
CAGTAACTATTTATTG-1,1,8572,17305,15,7,15_7,16,True,ROI_15_7
CAGTAATCCCTCCCAG-1,1,9029,6928,6,7,6_7,22,True,ROI_6_7
CAGTACATTCTCTAAA-1,1,8810,17441,15,7,15_7,16,True,ROI_15_7
CAGTACCAGTTTACGT-1,1,15441,5960,5,13,5_13,20,True,ROI_5_13
CAGTAGCCCACGCGGT-1,1,9995,15937,14,8,14_8,20,True,ROI_14_8
CAGTAGCGAGGTAGTA-1,1,4991,7618,6,4,6_4,14,True,ROI_6_4
CAGTCCAACGCCTTCT-1,1,5964,19903,17,5,17_5,23,True,ROI_17_5
CAGTCGAGGATGCAAT-1,1,9997,17029,15,8,15_8,20,True,ROI_15_8
CAGTCTCTCGGCTAAT-1,1,5466,7344,6,4,6_4,14,True,ROI_6_4
CAGTCTGTATACTGGG-1,1,14027,12516,11,12,11_12,16,True,ROI_11_12
CAGTGAATAAATGACT-1,1,9993,14844,13,8,13_8,22,True,ROI_13_8
CAGTGGTTGCACATGA-1,1,7840,6520,5,6,5_6,20,True,ROI_5_6
CAGTGTCCGCAGAATG-1,1,7606,8569,7,6,7_6,20,True,ROI_7_6
CAGTGTCGGCTGGCCC-1,1,16409,16061,14,14,14_14,20,True,ROI_14_14
CAGTGTTAATCTCTCA-1,1,20666,5678,5,18,5_18,17,True,ROI_5_18
CAGTTCAAATTGACAC-1,1,10935,10474,9,9,9_9,22,True,ROI_9_9
CAGTTCCGCGGGTCGA-1,1,10217,7062,6,9,6_9,23,True,ROI_6_9
CAGTTCGAGGACCCGA-1,1,20437,10184,9,18,9_18,23,True,ROI_9_18
CATAACGGACAGTCGT-1,1,12609,16341,14,11,14_11,16,True,ROI_14_11
CATAAGAAGCTTGGCT-1,1,17830,13328,11,15,11_15,20,True,ROI_11_15
CATAAGCTCTCCGTCT-1,1,14014,5417,4,12,4_12,12,True,ROI_4_12
CATAATGAGCGGGCGA-1,1,5471,9801,8,4,8_4,7,False,ROI_8_4
CATACAAAGCCGAACC-1,1,7131,8297,7,6,7_6,20,True,ROI_7_6
CATACACGGTTCCCAC-1,1,18538,11006,9,16,9_16,18,True,ROI_9_16
CATACCCGTACCCAGT-1,1,12831,7740,6,11,6_11,23,True,ROI_6_11
CATACGAACTAGCTGG-1,1,19482,7728,6,17,6_17,20,True,ROI_6_17
CATACGGCGTCTGGGC-1,1,13314,12108,10,11,10_11,20,True,ROI_10_11
CATACGGGTGCATGAT-1,1,5226,5843,5,4,5_4,11,True,ROI_5_4
CATACTATGTAATTGT-1,1,12598,10061,8,11,8_11,20,True,ROI_8_11
CATACTTAGGCAATAC-1,1,12851,18935,16,11,16_11,16,True,ROI_16_11
CATACTTCTTTCTCCG-1,1,20200,10594,9,17,9_17,22,True,ROI_9_17
CATAGAGGAGATACTA-1,1,20447,15371,13,18,13_18,21,True,ROI_13_18
CATAGCCGCCCGGGAT-1,1,10216,6516,5,9,5_9,20,True,ROI_5_9
CATAGTACATTGAGAG-1,1,7616,14030,12,6,12_6,20,True,ROI_12_6
CATAGTAGCATAGTAG-1,1,8558,9659,8,7,8_7,20,True,ROI_8_7
CATAGTCAAATACATA-1,1,19498,16192,14,17,14_17,20,True,ROI_14_17
CATAGTCCACAAGAAC-1,1,14731,7737,6,13,6_13,22,True,ROI_6_13
CATATACTACTGATAA-1,1,8335,17441,15,7,15_7,16,True,ROI_15_7
CATATAGGTACAGTCA-1,1,14262,11014,9,12,9_12,18,True,ROI_9_12
CATATGTCAGGCTACG-1,1,15442,6780,6,13,6_13,22,True,ROI_6_13
CATATTATTTGCCCTA-1,1,6191,14305,12,5,12_5,20,True,ROI_12_5
CATCAAACTGGCGCCC-1,1,7626,19491,17,6,17_6,22,True,ROI_17_6
CATCATCTACCCGGAC-1,1,6664,12939,11,5,11_5,20,True,ROI_11_5
CATCATTACCCTGAGG-1,1,16410,16335,14,14,14_14,20,True,ROI_14_14
CATCCAATATAGTTTG-1,1,19717,5953,5,17,5_17,23,True,ROI_5_17
CATCCCGAGATTCATA-1,1,20454,19194,16,18,16_18,23,True,ROI_16_18
CATCCGCAGGCCCGAA-1,1,7601,5565,4,6,4_6,9,True,ROI_4_6
CATCCTCTCAAAGATC-1,1,16885,16061,14,14,14_14,20,True,ROI_14_14
CATCGCCCGCGGCCAA-1,1,7370,9525,8,6,8_6,20,True,ROI_8_6
CATCGGACGGGTTAAT-1,1,14025,11424,10,12,10_12,16,True,ROI_10_12
CATCTACCCGAGAACG-1,1,5487,18812,16,4,16_4,11,True,ROI_16_4
CATCTATCCCGTGTCT-1,1,8335,17168,15,7,15_7,16,True,ROI_15_7
CATCTTACACCACCTC-1,1,12848,17024,15,11,15_11,16,True,ROI_15_11
CATGAACCGACATTTG-1,1,6658,9390,8,5,8_5,20,True,ROI_8_5
CATGAACCTCTTATCA-1,1,5239,12942,11,4,11_4,20,True,ROI_11_4
CATGACTTCGCTGAAT-1,1,13562,17978,15,12,15_12,20,True,ROI_15_12
CATGAGATGCACTCTC-1,1,18069,14284,12,15,12_15,20,True,ROI_12_15
CATGATCGCTTTGAGA-1,1,19741,19332,17,17,17_17,7,False,ROI_17_17
CATGATGCACAATTCT-1,1,9040,12935,11,8,11_8,20,True,ROI_11_8
CATGATGGAAGTTAGC-1,1,14749,17566,15,13,15_13,20,True,ROI_15_13
CATGCATGGAGACCCT-1,1,5477,13078,11,4,11_4,20,True,ROI_11_4
CATGCCAACTCGCAAA-1,1,14254,6372,5,12,5_12,16,True,ROI_5_12
CATGCGACCAGTTTAA-1,1,10235,16892,14,9,14_9,20,True,ROI_14_9
CATGCGTTAGACAGAA-1,1,7613,12118,10,6,10_6,22,True,ROI_10_6
CATGCGTTGAGAGGAG-1,1,21149,9773,8,18,8_18,19,True,ROI_8_18
CATGCTGGCTCCAATT-1,1,6899,11710,10,6,10_6,22,True,ROI_10_6
CATGGAAATGGGACCA-1,1,5485,17720,15,4,15_4,8,True,ROI_15_4
CATGGATTGTCTTCCG-1,1,17124,17289,15,15,15_15,16,True,ROI_15_15
CATGGCAGGAAGATCG-1,1,8086,11298,10,7,10_7,18,True,ROI_10_7
CATGGGTATGCCTTAT-1,1,17357,14694,13,15,13_15,19,True,ROI_13_15
CATGGGTCGGGTGTGG-1,1,9044,15119,13,8,13_8,22,True,ROI_13_8
CATGGTCTAGATACCG-1,1,10227,12523,11,9,11_9,20,True,ROI_11_9
CATGGTTTATTAATCA-1,1,20451,17556,15,18,15_18,20,True,ROI_15_18
CATGTAAGAGACATTT-1,1,16884,15788,13,14,13_14,23,True,ROI_13_14
CATGTAGGAGCGCCAA-1,1,7625,18672,16,6,16_6,20,True,ROI_16_6
CATGTCTCATTTATGG-1,1,15695,15107,13,13,13_13,19,True,ROI_13_13
CATTACATAGATTGTG-1,1,10477,19485,17,9,17_9,22,True,ROI_17_9
CATTACGCAGGAAGGG-1,1,20925,17282,15,18,15_18,20,True,ROI_15_18
CATTACGTCGGCCCGT-1,1,8563,12390,10,7,10_7,18,True,ROI_10_7
CATTATAACAGGGTCC-1,1,4288,12397,10,3,10_3,9,True,ROI_10_3
CATTATCCCATTAACG-1,1,19957,7727,6,17,6_17,20,True,ROI_6_17
CATTATGCTTGTTGTG-1,1,10223,10612,9,9,9_9,22,True,ROI_9_9
CATTCACTGACAGCTA-1,1,5238,12669,11,4,11_4,20,True,ROI_11_4
CATTCAGGTCAGTGCG-1,1,5227,6389,5,4,5_4,11,True,ROI_5_4
CATTCCCATTCCGTCG-1,1,11665,19620,17,10,17_10,21,True,ROI_17_10
CATTCCCTAAGTACAA-1,1,6889,5976,5,6,5_6,20,True,ROI_5_6
CATTGATGAACACGCC-1,1,9527,19760,17,8,17_8,23,True,ROI_17_8
CATTGCGGGTCAATTC-1,1,10001,19213,17,8,17_8,23,True,ROI_17_8
CATTGTGTGCTAGATC-1,1,7126,5566,4,6,4_6,9,True,ROI_4_6
CATTTAGCGGACCATG-1,1,9994,15118,13,8,13_8,22,True,ROI_13_8
CATTTATCGTTCAAGA-1,1,5241,14034,12,4,12_4,17,True,ROI_12_4
CATTTCTAGCAGACTA-1,1,7841,7067,6,6,6_6,23,True,ROI_6_6
CCAAACAGAACCCTCG-1,1,9272,10067,8,8,8_8,16,True,ROI_8_8
CCAAATAACAAGATTC-1,1,16177,18929,16,14,16_14,20,True,ROI_16_14
CCAAATCAAAGGGCAA-1,1,21143,6496,5,18,5_18,17,True,ROI_5_18
CCAACCTTATGTAACT-1,1,19960,9092,8,17,8_17,20,True,ROI_8_17
CCAACGATGCACTGAT-1,1,11407,8562,7,10,7_10,20,True,ROI_7_10
CCAACGCTTGCCAGGG-1,1,6434,17172,15,5,15_5,20,True,ROI_15_5
CCAAGACTTCTGCGAA-1,1,8800,11980,10,7,10_7,18,True,ROI_10_7
CCAAGCGTAACTCGTA-1,1,11891,13203,11,10,11_10,20,True,ROI_11_10
CCAAGGAACAGAGAGG-1,1,7371,10071,8,6,8_6,20,True,ROI_8_6
CCAAGGTTGCCCTTTC-1,1,20452,18375,16,18,16_18,23,True,ROI_16_18
CCAATAGTGCCGTCGA-1,1,12121,9243,8,10,8_10,20,True,ROI_8_10
CCAATCGGTAGATCGA-1,1,7380,14986,13,6,13_6,23,True,ROI_13_6
CCAATGTCACAGCAAG-1,1,12835,10197,9,11,9_11,22,True,ROI_9_11
CCAATTACGGGTCGAG-1,1,8570,16212,14,7,14_7,16,True,ROI_14_7
CCAATTGAATGTTAAT-1,1,8796,9795,8,7,8_7,20,True,ROI_8_7
CCACAATGTACGTCTT-1,1,10944,15116,13,9,13_9,23,True,ROI_13_9
CCACACTGAGATATTA-1,1,13310,10197,9,11,9_11,22,True,ROI_9_11
CCACAGCTGAAATCAT-1,1,5941,7343,6,5,6_5,22,True,ROI_6_5
CCACAGTACCCATCCT-1,1,15459,16063,14,13,14_13,20,True,ROI_14_13
CCACATACTGCACCCA-1,1,16416,19611,17,14,17_14,15,True,ROI_17_14
CCACCCAAGGAAAGTG-1,1,12842,13747,12,11,12_11,16,True,ROI_12_11
CCACGAATTTAACCTC-1,1,13801,18387,16,12,16_12,20,True,ROI_16_12
CCACGAGAAGAGAATC-1,1,8091,13756,12,7,12_7,16,True,ROI_12_7
CCACGGAGCCATAAGA-1,1,15205,7190,6,13,6_13,22,True,ROI_6_13
CCACGGTGCCCGGTAG-1,1,12375,18117,16,10,16_10,20,True,ROI_16_10
CCACTAAACTGAATCG-1,1,4988,5980,5,4,5_4,11,True,ROI_5_4
CCACTATCCGGGTCAC-1,1,11189,19348,17,9,17_9,22,True,ROI_17_9
CCACTCAGATCCGCAA-1,1,21157,14414,12,18,12_18,20,True,ROI_12_18
CCACTGGTGGCTGGTT-1,1,13304,6374,5,11,5_11,19,True,ROI_5_11
CCACTGTTTGGATTAA-1,1,17838,17970,15,15,15_15,16,True,ROI_15_15
CCAGAAACTGATGCGA-1,1,20454,19467,17,18,17_18,8,True,ROI_17_18
CCAGAGACAAAGCCGG-1,1,9503,6381,5,8,5_8,16,True,ROI_5_8
CCAGATAGTTGAGTGA-1,1,10706,14980,13,9,13_9,23,True,ROI_13_9
CCAGCCTGGACCAATA-1,1,12839,12382,10,11,10_11,20,True,ROI_10_11
CCAGCTACGCCTCATA-1,1,6180,8298,7,5,7_5,20,True,ROI_7_5
CCAGCTCGAACGCATT-1,1,19016,12371,10,16,10_16,16,True,ROI_10_16
CCAGCTGATGGTACTT-1,1,12828,6375,5,11,5_11,19,True,ROI_5_11
CCAGCTTCCGCCCGCA-1,1,10927,5832,5,9,5_9,20,True,ROI_5_9
CCAGGGACGTGGCCTC-1,1,10461,10748,9,9,9_9,22,True,ROI_9_9
CCAGTAGTCTGATCCA-1,1,10470,15936,14,9,14_9,20,True,ROI_14_9
CCAGTCCATTATTCGA-1,1,6415,6523,5,5,5_5,20,True,ROI_5_5
CCAGTCTAGACGGCGC-1,1,9756,15254,13,8,13_8,22,True,ROI_13_8
CCAGTCTTGTCATAGA-1,1,18064,11553,10,15,10_15,20,True,ROI_10_15
CCAGTGTACAGACCGA-1,1,21142,5950,5,18,5_18,17,True,ROI_5_18
CCAGTTCGGTAACTCA-1,1,21397,15643,13,18,13_18,21,True,ROI_13_18
CCATAAACAACCCGAC-1,1,7378,13894,12,6,12_6,20,True,ROI_12_6
CCATACCTTTACTTGT-1,1,11186,17436,15,9,15_9,20,True,ROI_15_9
CCATAGGTTGGCGTGG-1,1,8325,11981,10,7,10_7,18,True,ROI_10_7
CCATAGTCAGTAACCC-1,1,7601,5838,5,6,5_6,20,True,ROI_5_6
CCATATGGAAACTATA-1,1,16650,17563,15,14,15_14,20,True,ROI_15_14
CCATATTGGATCATGA-1,1,6650,5021,4,5,4_5,12,True,ROI_4_5
CCATCCATACCAAGTC-1,1,7369,8706,7,6,7_6,20,True,ROI_7_6
CCATCTCACCAGTGAA-1,1,13085,16887,14,11,14_11,16,True,ROI_14_11
CCATCTTGTTCACAAT-1,1,5707,9118,8,5,8_5,20,True,ROI_8_5
CCATGCCCTAGATTTC-1,1,17361,16879,14,15,14_15,16,True,ROI_14_15
CCATGCCTGTTTAGTA-1,1,12361,10744,9,10,9_10,23,True,ROI_9_10
CCATGCTCTGCAGGAA-1,1,9033,9385,8,7,8_7,20,True,ROI_8_7
CCATGGCCCTTGTACC-1,1,11641,6513,5,10,5_10,15,True,ROI_5_10
CCATGTTCATCTATAT-1,1,20194,7317,6,17,6_17,20,True,ROI_6_17
CCATTAGCGATAATCC-1,1,11646,9244,8,10,8_10,20,True,ROI_8_10
CCATTCCCTGCCCACA-1,1,11883,8834,7,10,7_10,20,True,ROI_7_10
CCATTGTTTCCTCCAT-1,1,10953,20304,17,9,17_9,22,True,ROI_17_9
CCATTTCTACCTATTA-1,1,17117,13193,11,15,11_15,20,True,ROI_11_15
CCCAAACATGCTGCTC-1,1,12132,15523,13,10,13_10,22,True,ROI_13_10
CCCAACATACGTCGCG-1,1,14257,8284,7,12,7_12,16,True,ROI_7_12
CCCAACCACACTAACA-1,1,5951,12531,11,5,11_5,20,True,ROI_11_5
CCCAAGACAGAGTATG-1,1,4996,10348,9,4,9_4,18,True,ROI_9_4
CCCAAGTCATTACACT-1,1,20211,16601,14,17,14_17,20,True,ROI_14_17
CCCAATGAGATTTGCA-1,1,18297,8959,7,16,7_16,16,True,ROI_7_16
CCCAATTTCACAACTT-1,1,13307,8012,7,11,7_11,20,True,ROI_7_11
CCCAGAGGAGGGCGTA-1,1,9049,17850,15,8,15_8,20,True,ROI_15_8
CCCAGGAAGAATTCGA-1,1,21629,12502,11,19,11_19,8,True,ROI_11_19
CCCAGGTCTGAAGGCT-1,1,16652,18655,16,14,16_14,20,True,ROI_16_14
CCCAGTAAACTTGGGA-1,1,16389,5140,4,14,4_14,15,True,ROI_4_14
CCCAGTTAAGGCGCCG-1,1,14031,14701,13,12,13_12,17,True,ROI_13_12
CCCATATAGGTCGATT-1,1,19504,19469,17,17,17_17,7,False,ROI_17_17
CCCGAAGTTTCGCGAA-1,1,14726,5006,4,13,4_13,15,True,ROI_4_13
CCCGACCATAGTCCGC-1,1,8803,13618,12,7,12_7,16,True,ROI_12_7
CCCGAGTTTCTCCGTA-1,1,15463,18248,16,13,16_13,20,True,ROI_16_13
CCCGCAGCGCGAACTA-1,1,15691,12650,11,13,11_13,12,True,ROI_11_13
CCCGCAGGGCCCAAAG-1,1,6667,14304,12,5,12_5,20,True,ROI_12_5
CCCGCCATGCTCCCGT-1,1,8557,9113,8,7,8_7,20,True,ROI_8_7
CCCGCGCAATGCACCC-1,1,8553,6656,5,7,5_7,20,True,ROI_5_7
CCCGGGTCGTTCAGGG-1,1,19489,11277,9,17,9_17,22,True,ROI_9_17
CCCGGTGGAAGAACCT-1,1,9978,6380,5,8,5_8,16,True,ROI_5_8
CCCGGTGTATCGGAAT-1,1,16628,5822,5,14,5_14,20,True,ROI_5_14
CCCGTAAGTCTAGGCC-1,1,13543,7329,6,11,6_11,23,True,ROI_6_11
CCCGTAGCTGGGAAGA-1,1,17584,8824,7,15,7_15,17,True,ROI_7_15
CCCGTCAGCGTCTGAC-1,1,9510,10477,9,8,9_8,18,True,ROI_9_8
CCCGTTTCGCAGATGT-1,1,16413,17973,15,14,15_14,20,True,ROI_15_14
CCCTACCCACACCCAG-1,1,21635,15779,13,19,13_19,6,False,ROI_13_19
CCCTACTTGAACAATG-1,1,20684,15235,13,18,13_18,21,True,ROI_13_18
CCCTAGTGTCAGGTGT-1,1,6414,6250,5,5,5_5,20,True,ROI_5_5
CCCTATGTAGAGCAGA-1,1,18293,6774,5,16,5_16,18,True,ROI_5_16
CCCTCATTCTGGAATT-1,1,7846,9524,8,6,8_6,20,True,ROI_8_6
CCCTCCTCGCTCGTAT-1,1,15938,17974,15,14,15_14,20,True,ROI_15_14
CCCTCGATAATACACA-1,1,20432,7453,6,18,6_18,8,True,ROI_6_18
CCCTCGGGAGCCTTGT-1,1,4523,11441,10,4,10_4,22,True,ROI_10_4
CCCTGAAATGAGTTGA-1,1,11408,8835,7,10,7_10,20,True,ROI_7_10
CCCTGACTAACAAATT-1,1,13064,5146,4,11,4_11,9,True,ROI_4_11
CCCTGATGTAACTCGT-1,1,7363,5702,5,6,5_6,20,True,ROI_5_6
CCCTGCCCAATCCGCT-1,1,13778,6100,5,12,5_12,16,True,ROI_5_12
CCCTGCGCTACGCATA-1,1,12116,6786,6,10,6_10,22,True,ROI_6_10
CCCTGGTATGGGCGGC-1,1,5477,13351,11,4,11_4,20,True,ROI_11_4
CCCTTTAATGGAGTTC-1,1,19027,18378,16,16,16_16,23,True,ROI_16_16
CCGAAAGTGGTGAGCA-1,1,8079,7203,6,7,6_7,22,True,ROI_6_7
CCGAACACTGGGCCTC-1,1,14491,5962,5,12,5_12,16,True,ROI_5_12
CCGAACCTTCCCGGCC-1,1,15692,13196,11,13,11_13,12,True,ROI_11_13
CCGAAGTATATTGTTC-1,1,9265,6518,5,8,5_8,16,True,ROI_5_8
CCGACAAACACATGAG-1,1,7838,5428,4,6,4_6,9,True,ROI_4_6
CCGACAAAGGGAGTGC-1,1,11878,6377,5,10,5_10,15,True,ROI_5_10
CCGACAATAGGCCGCC-1,1,17602,18653,16,15,16_15,18,True,ROI_16_15
CCGACGGGCATGAGGT-1,1,16868,7050,6,14,6_14,23,True,ROI_6_14
CCGACGTAAACACAAC-1,1,7146,16761,14,6,14_6,20,True,ROI_14_6
CCGACTCGCATAGTCT-1,1,5003,13898,12,4,12_4,17,True,ROI_12_4
CCGAGAAGTCGCATAA-1,1,14989,18795,16,13,16_13,20,True,ROI_16_13
CCGAGCTGTGCTTGTC-1,1,8338,18807,16,7,16_7,16,True,ROI_16_7
CCGAGGGATGTTAGGC-1,1,5475,11986,10,4,10_4,22,True,ROI_10_4
CCGATCTCAACCTTAT-1,1,12848,17297,15,11,15_11,16,True,ROI_15_11
CCGATCTTAAGAGGCT-1,1,6440,20175,17,5,17_5,23,True,ROI_17_5
CCGATTCGAGGGACCC-1,1,13066,6238,5,11,5_11,19,True,ROI_5_11
CCGCACAAAGACCAAC-1,1,12605,13884,12,11,12_11,16,True,ROI_12_11
CCGCACGTGACCTCGG-1,1,10692,7061,6,9,6_9,23,True,ROI_6_9
CCGCACTTGCAATGAC-1,1,20452,18102,16,18,16_18,23,True,ROI_16_18
CCGCATGTGGTACGAT-1,1,17353,12510,11,15,11_15,20,True,ROI_11_15
CCGCCACCACAATCCA-1,1,5000,12533,11,4,11_4,20,True,ROI_11_4
CCGCCGGAACTTCTCG-1,1,16865,5139,4,14,4_14,15,True,ROI_4_14
CCGCCGGTCAACACAC-1,1,7136,11027,9,6,9_6,20,True,ROI_9_6
CCGCCGTTGAGGATAA-1,1,14753,19751,17,13,17_13,15,True,ROI_17_13
CCGCCTGCGAATTGGT-1,1,7621,16760,14,6,14_6,20,True,ROI_14_6
CCGCGGGTACGAAGAA-1,1,11642,7060,6,10,6_10,22,True,ROI_6_10
CCGCGTAGGTAAGGGC-1,1,11166,6514,5,9,5_9,20,True,ROI_5_9
CCGCTATCAGCACCAG-1,1,14739,12105,10,13,10_13,16,True,ROI_10_13
CCGCTCCAGGGCGATC-1,1,20917,12913,11,18,11_18,20,True,ROI_11_18
CCGCTCTTCCGAACTA-1,1,19024,17012,15,16,15_16,20,True,ROI_15_16
CCGCTGGTGCCATTCA-1,1,5478,13624,12,4,12_4,17,True,ROI_12_4
CCGCTTACCTCACTCT-1,1,15207,8282,7,13,7_13,20,True,ROI_7_13
CCGCTTGCTGACATGG-1,1,10476,18939,16,9,16_9,20,True,ROI_16_9
CCGGAAGTGCAATATG-1,1,21876,17826,15,19,15_19,9,True,ROI_15_19
CCGGAATGGTTTCAGT-1,1,9743,7882,6,8,6_8,18,True,ROI_6_8
CCGGAGCGTACTTTCT-1,1,17826,11144,9,15,9_15,14,True,ROI_9_15
CCGGAGGTCTTATGGT-1,1,8339,19626,17,7,17_7,17,True,ROI_17_7
CCGGCACGACCGTTTC-1,1,12376,18663,16,10,16_10,20,True,ROI_16_10
CCGGCGCATATTGGAT-1,1,7373,11163,9,6,9_6,20,True,ROI_9_6
CCGGCGTGAGACTCTG-1,1,15201,5005,4,13,4_13,15,True,ROI_4_13
CCGGGACCCGCAGAGA-1,1,7848,10616,9,6,9_6,20,True,ROI_9_6
CCGGGCGGTCTCGTCA-1,1,11654,13886,12,10,12_10,20,True,ROI_12_10
CCGGGCTAAGAATTTC-1,1,20667,6224,5,18,5_18,17,True,ROI_5_18
CCGGGCTGCTCCATAC-1,1,12607,15249,13,11,13_11,13,True,ROI_13_11
CCGGGTTCGAGGTTAC-1,1,13069,7876,6,11,6_11,23,True,ROI_6_11
CCGGTAATGGCTAGTC-1,1,13089,19071,16,11,16_11,16,True,ROI_16_11
CCGTAAGTTGGTCCCA-1,1,11892,14022,12,10,12_10,20,True,ROI_12_10
CCGTACCCAAGCGCCA-1,1,6893,8160,7,6,7_6,20,True,ROI_7_6
CCGTAGGAAATCCCTG-1,1,18311,16604,14,16,14_16,20,True,ROI_14_16
CCGTAGGGTTGTTTAC-1,1,18313,17696,15,16,15_16,20,True,ROI_15_16
CCGTATCTCGTCGTAG-1,1,16631,7187,6,14,6_14,23,True,ROI_6_14
CCGTATTAGCGCAGTT-1,1,8100,18671,16,7,16_7,16,True,ROI_16_7
CCGTCAACCTCTGGCG-1,1,20191,5406,4,17,4_17,20,True,ROI_4_17
CCGTGAGGCATTCATG-1,1,12616,19891,17,11,17_11,13,True,ROI_17_11
CCGTGCCCATGACGGC-1,1,6896,10072,8,6,8_6,20,True,ROI_8_6
CCGTGGAACGATCCAA-1,1,9761,17985,15,8,15_8,20,True,ROI_15_8
CCGTGTTAAATTCCAT-1,1,15445,8418,7,13,7_13,20,True,ROI_7_13
CCGTTACGTTAGAACA-1,1,8807,15529,13,7,13_7,18,True,ROI_13_7
CCGTTCCGAATCTCGG-1,1,13541,6510,5,11,5_11,19,True,ROI_5_11
CCTAAACAGGGTCCGT-1,1,4048,11169,9,3,9_3,7,False,ROI_9_3
CCTAAAGGCTGACGCT-1,1,7380,14713,13,6,13_6,23,True,ROI_13_6
CCTAAATTAACGGTTC-1,1,14028,12789,11,12,11_12,16,True,ROI_11_12
CCTAAATTGTATCCTA-1,1,16415,19065,16,14,16_14,20,True,ROI_16_14
CCTAACCCAAACAAGT-1,1,15696,15653,13,13,13_13,19,True,ROI_13_13
CCTAACTAAGGCTCTA-1,1,9046,16211,14,8,14_8,20,True,ROI_14_8
CCTACAAGTCCGGAAT-1,1,6198,17855,15,5,15_5,20,True,ROI_15_5
CCTACATTCACAGACG-1,1,16157,8007,7,14,7_14,9,True,ROI_7_14
CCTACGGCTCAGTCGA-1,1,7843,7886,6,6,6_6,23,True,ROI_6_6
CCTACTGCTTACACTT-1,1,10460,10202,9,9,9_9,22,True,ROI_9_9
CCTAGGCGTAGCGATC-1,1,12608,15522,13,11,13_11,13,True,ROI_13_11
CCTAGGTAAAGGTAGC-1,1,16152,5003,4,14,4_14,15,True,ROI_4_14
CCTAGTTAGTCGCATG-1,1,6902,13348,11,6,11_6,20,True,ROI_11_6
CCTATAATGAGTGCCC-1,1,17119,14558,12,15,12_15,20,True,ROI_12_15
CCTATATCGTGTCACG-1,1,18289,4863,4,16,4_16,14,True,ROI_4_16
CCTATATTTGTCCTGG-1,1,18775,10596,9,16,9_16,18,True,ROI_9_16
CCTATCTATATCGGAA-1,1,8566,14028,12,7,12_7,16,True,ROI_12_7
CCTATGAAGTGGTGCC-1,1,12851,18662,16,11,16_11,16,True,ROI_16_11
CCTATGGCTCCTAGTG-1,1,18768,6773,5,16,5_16,18,True,ROI_5_16
CCTATGGGTTACCGTC-1,1,10940,12931,11,9,11_9,20,True,ROI_11_9
CCTATGGTCAAAGCTG-1,1,20204,12778,11,17,11_17,20,True,ROI_11_17
CCTATGTCCACTCCAC-1,1,18785,16057,14,16,14_16,20,True,ROI_14_16
CCTCACCAATCTTGAC-1,1,8081,8295,7,7,7_7,20,True,ROI_7_7
CCTCACCTGAGGGAGC-1,1,10711,17437,15,9,15_9,20,True,ROI_15_9
CCTCACCTTAGCATCG-1,1,10472,16755,14,9,14_9,20,True,ROI_14_9
CCTCATGCAGCTACGA-1,1,6417,7615,6,5,6_5,22,True,ROI_6_5
CCTCCCGACAATCCCT-1,1,6187,12121,10,5,10_5,23,True,ROI_10_5
CCTCCGACAATTCAAG-1,1,11881,8015,7,10,7_10,20,True,ROI_7_10
CCTCCTAGCTAGAGTC-1,1,19953,5270,4,17,4_17,20,True,ROI_4_17
CCTCCTGTTGTGTCGT-1,1,18786,16603,14,16,14_16,20,True,ROI_14_16
CCTCGAAGTGGACGGG-1,1,7615,13211,11,6,11_6,20,True,ROI_11_6
CCTCGACCCACTGCCT-1,1,4765,13489,11,4,11_4,20,True,ROI_11_4
CCTCGCCAGCAAATTA-1,1,8328,13619,12,7,12_7,16,True,ROI_12_7
CCTCGCGCGATATAGG-1,1,9046,16485,14,8,14_8,20,True,ROI_14_8
CCTCGCGCTGTGCGAT-1,1,17589,11554,10,15,10_15,20,True,ROI_10_15
CCTCGGACCGGGATAG-1,1,13795,15111,13,12,13_12,17,True,ROI_13_12
CCTCGGTTTCCTTGCC-1,1,20672,8681,7,18,7_18,16,True,ROI_7_18
CCTCGTTACGCCTGTT-1,1,5249,18403,16,4,16_4,11,True,ROI_16_4
CCTCTAATCTGCCAAG-1,1,9516,13480,11,8,11_8,20,True,ROI_11_8
CCTCTACAAGGATTGG-1,1,19956,7181,6,17,6_17,20,True,ROI_6_17
CCTCTATCGATTAGCA-1,1,16393,7051,6,14,6_14,23,True,ROI_6_14
CCTCTCTCCCATCTAG-1,1,12119,8424,7,10,7_10,20,True,ROI_7_10
CCTCTGGCCTAGACGG-1,1,7616,13757,12,6,12_6,20,True,ROI_12_6
CCTCTGTACTATTCTA-1,1,16639,11829,10,14,10_14,10,True,ROI_10_14
CCTGAATATTTACATA-1,1,9515,13207,11,8,11_8,20,True,ROI_11_8
CCTGACCACCGATGGT-1,1,14739,11832,10,13,10_13,16,True,ROI_10_13
CCTGACGCAACCTTTA-1,1,4768,15400,13,4,13_4,19,True,ROI_13_4
CCTGAGAATAAATGCA-1,1,20908,7998,7,18,7_18,16,True,ROI_7_18
CCTGCGATAGAACTGT-1,1,5939,6251,5,5,5_5,20,True,ROI_5_5
CCTGCTATTTGAGAAG-1,1,10223,10339,9,9,9_9,22,True,ROI_9_9
CCTGGAAACGTTCTGC-1,1,13326,18934,16,11,16_11,16,True,ROI_16_11
CCTGGCTAGACCCGCC-1,1,10933,9382,8,9,8_9,20,True,ROI_8_9
CCTGGTCGAATGTGGG-1,1,18067,12918,11,15,11_15,20,True,ROI_11_15
CCTGTAAGACATGATA-1,1,12833,9105,8,11,8_11,20,True,ROI_8_11
CCTGTACTCACGCCCA-1,1,13542,6783,6,11,6_11,23,True,ROI_6_11
CCTGTCACCCGGGCTC-1,1,10939,12658,11,9,11_9,20,True,ROI_11_9
CCTGTCCCTCACGTTA-1,1,12614,19072,16,11,16_11,16,True,ROI_16_11
CCTGTCGCCCGTAAAT-1,1,12601,11973,10,11,10_11,20,True,ROI_10_11
CCTGTCGTGTATGAAG-1,1,20664,4586,4,18,4_18,14,True,ROI_4_18
CCTGTTCAACCTCGGG-1,1,20913,10456,9,18,9_18,23,True,ROI_9_18
CCTGTTTGAAGACACG-1,1,17835,16332,14,15,14_15,16,True,ROI_14_15
CCTTAAGTACGCAATT-1,1,21874,16734,14,19,14_19,6,False,ROI_14_19
CCTTCAGTTAAAGTGA-1,1,18536,9914,8,16,8_16,16,True,ROI_8_16
CCTTCCGCAACGCTGC-1,1,20904,5541,4,18,4_18,14,True,ROI_4_18
CCTTCGTATAGAATCC-1,1,20440,11822,10,18,10_18,20,True,ROI_10_18
CCTTCTCAGCGTTCCT-1,1,14252,5553,4,12,4_12,12,True,ROI_4_12
CCTTCTTGATCCAGTG-1,1,8565,13482,11,7,11_7,16,True,ROI_11_7
CCTTGACCACTTTATT-1,1,17126,18381,16,15,16_15,18,True,ROI_16_15
CCTTGTGAACGTGGTT-1,1,21149,10046,8,18,8_18,19,True,ROI_8_18
CCTTTCAATGAAGAAA-1,1,9996,16483,14,8,14_8,20,True,ROI_14_8
CGAAACATAGATGGCA-1,1,6666,14031,12,5,12_5,20,True,ROI_12_5
CGAAACGCAATTCATG-1,1,13782,8011,7,12,7_12,16,True,ROI_7_12
CGAACAGTATGGGCGT-1,1,15935,16608,14,14,14_14,20,True,ROI_14_14
CGAACATAGTCAGAAA-1,1,6200,19220,17,5,17_5,23,True,ROI_17_5
CGAACCCGCATGCGTC-1,1,15686,10192,9,13,9_13,21,True,ROI_9_13
CGAACCTCTTTCCTAG-1,1,21142,6223,5,18,5_18,17,True,ROI_5_18
CGAACGCCCAGTGCCG-1,1,7377,13074,11,6,11_6,20,True,ROI_11_6
CGAACGGCCGGACAAC-1,1,15202,5551,4,13,4_13,15,True,ROI_4_13
CGAAGATCAGTTTCAT-1,1,21630,13048,11,19,11_19,8,True,ROI_11_19
CGAAGCTATAAATTCA-1,1,8573,17851,15,7,15_7,16,True,ROI_15_7
CGAAGGGTTTCAGATT-1,1,19716,5407,4,17,4_17,20,True,ROI_4_17
CGAAGTTGCTCTGTGT-1,1,11882,8288,7,10,7_10,20,True,ROI_7_10
CGAATCTGCTCGACGC-1,1,18767,6500,5,16,5_16,18,True,ROI_5_16
CGAATGAAGTCATTGC-1,1,18767,6227,5,16,5_16,18,True,ROI_5_16
CGAATGACGCATAATG-1,1,19014,11278,9,16,9_16,18,True,ROI_9_16
CGACAATTTGATCTAA-1,1,14272,16475,14,12,14_12,20,True,ROI_14_12
CGACACCGCTTAAGGA-1,1,6439,19629,17,5,17_5,23,True,ROI_17_5
CGACACGCTCCGACAG-1,1,14985,16337,14,13,14_13,20,True,ROI_14_13
CGACAGTTCGCGTTAT-1,1,12596,9242,8,11,8_11,20,True,ROI_8_11
CGACATGCGATCTTCT-1,1,5950,12258,10,5,10_5,23,True,ROI_10_5
CGACCCTTAACGCCGG-1,1,15439,5141,4,13,4_13,15,True,ROI_4_13
CGACGCATCCGTACCT-1,1,15914,4867,4,14,4_14,15,True,ROI_4_14
CGACTCAGGATGTTAT-1,1,9520,15665,13,8,13_8,22,True,ROI_13_8
CGACTCGGTACACGGT-1,1,6678,20312,17,5,17_5,23,True,ROI_17_5
CGACTTTGTATAGCCT-1,1,11900,18391,16,10,16_10,20,True,ROI_16_10
CGAGACCCTAGAGTGT-1,1,14264,11833,10,12,10_12,16,True,ROI_10_12
CGAGACTACTGCTGCT-1,1,21162,16872,14,18,14_18,20,True,ROI_14_18
CGAGAGATGTGAACCT-1,1,10941,13478,11,9,11_9,20,True,ROI_11_9
CGAGAGCTTTCACTAC-1,1,19259,15510,13,17,13_17,23,True,ROI_13_17
CGAGAGGGTAGCCGCG-1,1,17363,17698,15,15,15_15,16,True,ROI_15_15
CGAGATTTCGCTCGGG-1,1,14040,19342,17,12,17_12,15,True,ROI_17_12
CGAGCACTTCAAGTTT-1,1,9504,6927,6,8,6_8,18,True,ROI_6_8
CGAGCGTTGATCAGCC-1,1,6896,9799,8,6,8_6,20,True,ROI_8_6
CGAGCTGGGCTTTAGG-1,1,8089,12664,11,7,11_7,16,True,ROI_11_7
CGAGGAGCTTCCATAT-1,1,9527,19487,17,8,17_8,23,True,ROI_17_8
CGAGGATCGGGAACGA-1,1,10715,19622,17,9,17_9,22,True,ROI_17_9
CGAGGCCAGGCATTGG-1,1,7365,6521,5,6,5_6,20,True,ROI_5_6
CGAGGCTAAATATGGC-1,1,10940,13204,11,9,11_9,20,True,ROI_11_9
CGAGGGACTGCGGTCG-1,1,13080,14156,12,11,12_11,16,True,ROI_12_11
CGAGGGTATCCAGGTG-1,1,19252,11687,10,17,10_17,20,True,ROI_10_17
CGAGTACTAAAGAGGA-1,1,14732,8283,7,13,7_13,20,True,ROI_7_13
CGAGTGAAGGTACCAG-1,1,17106,7459,6,15,6_15,20,True,ROI_6_15
CGAGTGCTATAGTTCG-1,1,6419,8707,7,5,7_5,20,True,ROI_7_5
CGAGTTCTGTCCCACC-1,1,10469,15117,13,9,13_9,23,True,ROI_13_9
CGAGTTTATCGGACTG-1,1,12846,16205,14,11,14_11,16,True,ROI_14_11
CGATAATACTCAGGTT-1,1,14278,19478,17,12,17_12,15,True,ROI_17_12
CGATACCTCGCGGACA-1,1,13548,10060,8,11,8_11,20,True,ROI_8_11
CGATAGCGATACAGTG-1,1,19715,4860,4,17,4_17,20,True,ROI_4_17
CGATAGTCGTACTGCA-1,1,19734,15509,13,17,13_17,23,True,ROI_13_17
CGATATTAGCCGCAGG-1,1,5705,8299,7,5,7_5,20,True,ROI_7_5
CGATCATTAGAGGCAC-1,1,6915,20175,17,6,17_6,22,True,ROI_17_6
CGATCCACCATTGTTG-1,1,21151,10865,9,18,9_18,23,True,ROI_9_18
CGATCCGACCCAGTGC-1,1,13073,10334,9,11,9_11,22,True,ROI_9_11
CGATCCTCGCAACATA-1,1,19722,8956,7,17,7_17,20,True,ROI_7_17
CGATCGAGAAGCACCA-1,1,21629,12229,10,19,10_19,8,True,ROI_10_19
CGATCTGTTGGAGGAC-1,1,14967,6780,6,13,6_13,22,True,ROI_6_13
CGATGGACCCTACGCC-1,1,9284,16621,14,8,14_8,20,True,ROI_14_8
CGATGTTGTTATCTAC-1,1,17815,5137,4,15,4_15,15,True,ROI_4_15
CGATTAAATATCTCCT-1,1,17352,11964,10,15,10_15,20,True,ROI_10_15
CGATTCGCCTGGCTGC-1,1,17592,13465,11,15,11_15,20,True,ROI_11_15
CGCAAACACGAGTTAC-1,1,10457,8564,7,9,7_9,20,True,ROI_7_9
CGCAATTACTTTCGGT-1,1,9506,8019,7,8,7_8,16,True,ROI_7_8
CGCAATTAGGGTAATA-1,1,10696,9519,8,9,8_9,20,True,ROI_8_9
CGCAATTCTACAATAA-1,1,10217,7335,6,9,6_9,23,True,ROI_6_9
CGCACATGTCCACTAC-1,1,13320,15385,13,11,13_11,13,True,ROI_13_11
CGCACGTCTGTTTATG-1,1,20195,7863,6,17,6_17,20,True,ROI_6_17
CGCACGTGCGCTATCA-1,1,13323,17023,15,11,15_11,16,True,ROI_15_11
CGCAGAAACATTTGCG-1,1,5949,11439,10,5,10_5,23,True,ROI_10_5
CGCAGATCTTCACCCG-1,1,10001,18940,16,8,16_8,20,True,ROI_16_8
CGCAGGCGATCCAAAC-1,1,16412,17427,15,14,15_14,20,True,ROI_15_14
CGCAGTTCTATCTTTC-1,1,22116,19055,16,19,16_19,13,True,ROI_16_19
CGCATCATGGCTTCAG-1,1,6193,15124,13,5,13_5,22,True,ROI_13_5
CGCATCCATCAGCCAG-1,1,10714,19348,17,9,17_9,22,True,ROI_17_9
CGCATGCCGAATGCGT-1,1,19972,15645,13,17,13_17,23,True,ROI_13_17
CGCATGGTGCGATGCT-1,1,13552,12517,11,11,11_11,19,True,ROI_11_11
CGCATTAGCTAATAGG-1,1,10462,11294,9,9,9_9,22,True,ROI_9_9
CGCCAAGAAGCCGAGT-1,1,13303,5828,5,11,5_11,19,True,ROI_5_11
CGCCACCCGCATTAAC-1,1,5464,5979,5,4,5_4,11,True,ROI_5_4
CGCCATCCGATTATGA-1,1,9755,14435,12,8,12_8,20,True,ROI_12_8
CGCCCAGCACGCCTAG-1,1,18062,10461,9,15,9_15,14,True,ROI_9_15
CGCCCAGCGTTTCACG-1,1,19497,15646,13,17,13_17,23,True,ROI_13_17
CGCCCGCTTCCGTACA-1,1,8330,14438,12,7,12_7,16,True,ROI_12_7
CGCCCTAATTGTTCAA-1,1,19952,4996,4,17,4_17,20,True,ROI_4_17
CGCCCTTGAAGGCTGA-1,1,9740,6244,5,8,5_8,16,True,ROI_5_8
CGCCGCCCATGCCTGT-1,1,13319,14838,13,11,13_11,13,True,ROI_13_11
CGCCGCGTTCTGAACG-1,1,21386,9636,8,18,8_18,19,True,ROI_8_18
CGCCGTTCAGCATAGT-1,1,17838,17697,15,15,15_15,16,True,ROI_15_15
CGCCTCCCTCCTCTAT-1,1,14267,13471,11,12,11_12,16,True,ROI_11_12
CGCCTGGCCTACGTAA-1,1,13780,7192,6,12,6_12,18,True,ROI_6_12
CGCCTTTAGCATGCTC-1,1,14753,19478,17,13,17_13,15,True,ROI_17_13
CGCGAAGTGGCATACT-1,1,19261,16602,14,17,14_17,20,True,ROI_14_17
CGCGACCGCGACAGAT-1,1,18070,14557,12,15,12_15,20,True,ROI_12_15
CGCGAGAGGGACTTGT-1,1,7862,18262,16,6,16_6,20,True,ROI_16_6
CGCGAGTCTGCCGGGT-1,1,16391,6232,5,14,5_14,20,True,ROI_5_14
CGCGCAAATGTCCAGA-1,1,17343,6776,5,15,5_15,22,True,ROI_5_15
CGCGCAAGGAACTACA-1,1,5229,7481,6,4,6_4,14,True,ROI_6_4
CGCGCCCGACTTAATA-1,1,9041,13754,12,8,12_8,20,True,ROI_12_8
CGCGGCAGTATTACGG-1,1,6888,5703,5,6,5_6,20,True,ROI_5_6
CGCGGCTCAACTTGAA-1,1,14273,16748,14,12,14_12,20,True,ROI_14_12
CGCGGGAATTAGGCAG-1,1,10705,14434,12,9,12_9,20,True,ROI_12_9
CGCGGGAATTCCTTTC-1,1,21158,14961,13,18,13_18,21,True,ROI_13_18
CGCGGTAAGTCTAGCT-1,1,11190,19621,17,9,17_9,22,True,ROI_17_9
CGCGGTACGGTATACA-1,1,18791,19607,17,16,17_16,8,True,ROI_17_16
CGCGGTCACAAACCAA-1,1,8336,17988,15,7,15_7,16,True,ROI_15_7
CGCGTACATTCTGGAA-1,1,5489,19904,17,4,17_4,7,False,ROI_17_4
CGCGTCATATTAAACC-1,1,4525,12261,10,4,10_4,22,True,ROI_10_4
CGCGTTCATGAAATAC-1,1,10460,10475,9,9,9_9,22,True,ROI_9_9
CGCTACGGGACATTTA-1,1,13073,10060,8,11,8_11,20,True,ROI_8_11
CGCTAGAGACCGCTGC-1,1,13323,17296,15,11,15_11,16,True,ROI_15_11
CGCTATACCGCCCACT-1,1,7368,8433,7,6,7_6,20,True,ROI_7_6
CGCTATTCAATGTATG-1,1,8555,7748,6,7,6_7,22,True,ROI_6_7
CGCTATTCTTAGGCTC-1,1,13076,11699,10,11,10_11,20,True,ROI_10_11
CGCTCGACATAATGAT-1,1,9034,9658,8,7,8_7,20,True,ROI_8_7
CGCTCTCCGTAGATTA-1,1,11882,8561,7,10,7_10,20,True,ROI_7_10
CGCTGGTGACTACCCT-1,1,15461,16882,14,13,14_13,20,True,ROI_14_13
CGCTGTGACGCCGCAC-1,1,9984,9930,8,8,8_8,16,True,ROI_8_8
CGCTGTGTGGATGTTG-1,1,18060,9369,8,15,8_15,6,False,ROI_8_15
CGCTTAGTATTGATAC-1,1,19725,10594,9,17,9_17,22,True,ROI_9_17
CGCTTATTCCCGGTCG-1,1,14018,7601,6,12,6_12,18,True,ROI_6_12
CGCTTCCACTGAAATC-1,1,8320,9250,8,7,8_7,20,True,ROI_8_7
CGCTTCGGTCTAAGAC-1,1,19738,17694,15,17,15_17,20,True,ROI_15_17
CGCTTGGACGGATAGA-1,1,19029,19470,17,16,17_16,8,True,ROI_17_16
CGCTTTCATACCGGTG-1,1,7372,10344,9,6,9_6,20,True,ROI_9_6
CGCTTTCCGCCAAGGT-1,1,21394,14004,12,18,12_18,20,True,ROI_12_18
CGCTTTCTTGCATTCG-1,1,11419,15115,13,10,13_10,22,True,ROI_13_10
CGGAAATTTCACATCC-1,1,5004,14717,13,4,13_4,19,True,ROI_13_4
CGGAACGTAAACATAG-1,1,15210,9647,8,13,8_13,18,True,ROI_8_13
CGGACCTTTACGTCCC-1,1,20918,13186,11,18,11_18,20,True,ROI_11_18
CGGAGCAATTTAATCG-1,1,16877,11692,10,14,10_14,10,True,ROI_10_14
CGGAGCATGGCGATCC-1,1,13315,12654,11,11,11_11,19,True,ROI_11_11
CGGAGCTTATAACACC-1,1,6431,15261,13,5,13_5,22,True,ROI_13_5
CGGAGTTTGAGAGACA-1,1,11169,8153,7,9,7_9,20,True,ROI_7_9
CGGATAAGCGGACATG-1,1,8551,5837,5,7,5_7,20,True,ROI_5_7
CGGATCCTCAAGGACT-1,1,18307,14420,12,16,12_16,16,True,ROI_12_16
CGGATGAATGCTGTGA-1,1,20668,6497,5,18,5_18,17,True,ROI_5_18
CGGCAAACATCGTGCG-1,1,16403,12512,11,14,11_14,20,True,ROI_11_14
CGGCAATAAGATCGCC-1,1,16889,18245,16,14,16_14,20,True,ROI_16_14
CGGCACCGTTAGCGCC-1,1,6669,15670,13,5,13_5,22,True,ROI_13_5
CGGCACTCAAGAAAGT-1,1,6891,7341,6,6,6_6,23,True,ROI_6_6
CGGCAGGGTCGGGTTG-1,1,11659,16343,14,10,14_10,20,True,ROI_14_10
CGGCCACGCACAAAGT-1,1,12363,11564,10,10,10_10,20,True,ROI_10_10
CGGCCAGAGCGACCAT-1,1,19962,10184,9,17,9_17,22,True,ROI_9_17
CGGCCCAACCTGTAGT-1,1,10713,18802,16,9,16_9,20,True,ROI_16_9
CGGCCCAGGTATATCC-1,1,14275,17840,15,12,15_12,20,True,ROI_15_12
CGGCGCCATCAATCCC-1,1,18073,16195,14,16,14_16,20,True,ROI_14_16
CGGCTCTAAAGCTGCA-1,1,14989,18522,16,13,16_13,20,True,ROI_16_13
CGGCTCTTCGTCGAAC-1,1,5956,15261,13,5,13_5,22,True,ROI_13_5
CGGCTGCAAGATTAAG-1,1,5001,12806,11,4,11_4,20,True,ROI_11_4
CGGCTTTGTATGATAA-1,1,5948,11166,9,5,9_5,20,True,ROI_9_5
CGGGAACGCCCTGCAT-1,1,20902,4722,4,18,4_18,14,True,ROI_4_18
CGGGAAGTACCGTGGC-1,1,20665,5132,4,18,4_18,14,True,ROI_4_18
CGGGAATATAGTATAC-1,1,15225,17838,15,13,15_13,20,True,ROI_15_13
CGGGAATTTATGTAAA-1,1,14740,12378,10,13,10_13,16,True,ROI_10_13
CGGGAGCTTCAGTGTA-1,1,15697,15926,14,13,14_13,20,True,ROI_14_13
CGGGAGTATACCGCCG-1,1,8551,5563,4,7,4_7,7,False,ROI_4_7
CGGGATCAATGTAAGA-1,1,9512,11569,10,8,10_8,23,True,ROI_10_8
CGGGCAGCTAAACCGC-1,1,11649,11155,9,10,9_10,23,True,ROI_9_10
CGGGCCATAGCCGCAC-1,1,7364,5975,5,6,5_6,20,True,ROI_5_6
CGGGCCTTCTTTGTAA-1,1,13787,11015,9,12,9_12,18,True,ROI_9_12
CGGGCGATGGATCACG-1,1,20444,13733,12,18,12_18,20,True,ROI_12_18
CGGGTGTACCCATTTA-1,1,11657,15251,13,10,13_10,22,True,ROI_13_10
CGGGTTCGGCACGTAT-1,1,5723,18129,16,5,16_5,20,True,ROI_16_5
CGGGTTTGTTAGGGCT-1,1,17365,19063,16,15,16_15,18,True,ROI_16_15
CGGTAGAGGTGCAGGT-1,1,9283,16075,14,8,14_8,20,True,ROI_14_8
CGGTATAGGTATTAGC-1,1,6672,17035,15,5,15_5,20,True,ROI_15_5
CGGTATGGGCACTCTG-1,1,21869,14004,12,19,12_19,7,False,ROI_12_19
CGGTCAAGTGGGAACC-1,1,10230,14434,12,9,12_9,20,True,ROI_12_9
CGGTCCATGAGACTCC-1,1,8814,19625,17,7,17_7,17,True,ROI_17_7
CGGTCCGTCGCAAGCC-1,1,19012,10459,9,16,9_16,18,True,ROI_9_16
CGGTCTATCAACCCGT-1,1,8330,14711,13,7,13_7,18,True,ROI_13_7
CGGTGAAGACTAAAGT-1,1,12354,6649,5,10,5_10,15,True,ROI_5_10
CGGTGCAGATAGAACG-1,1,14020,8420,7,12,7_12,16,True,ROI_7_12
CGGTGCGCGTTGGTCC-1,1,15684,8827,7,13,7_13,20,True,ROI_7_13
CGGTGGGCTCCAGCCT-1,1,7622,17033,15,6,15_6,20,True,ROI_15_6
CGGTGTACTTGATCCC-1,1,8080,7749,6,7,6_7,22,True,ROI_6_7
CGGTTATCCAACAGTG-1,1,11185,16890,14,9,14_9,20,True,ROI_14_9
CGGTTCAAGTAGGTGT-1,1,9759,16893,14,8,14_8,20,True,ROI_14_8
CGGTTCCGGCTTCTTG-1,1,6179,7479,6,5,6_5,22,True,ROI_6_5
CGGTTGACCTGGCATA-1,1,13305,6920,6,11,6_11,23,True,ROI_6_11
CGGTTGAGTATCCTTC-1,1,19720,7591,6,17,6_17,20,True,ROI_6_17
CGGTTGGGCAGGGTCC-1,1,21394,13731,12,18,12_18,20,True,ROI_12_18
CGGTTGGGTTCAAGTT-1,1,5959,17173,15,5,15_5,20,True,ROI_15_5
CGGTTTATGAAGGAAC-1,1,6435,17718,15,5,15_5,20,True,ROI_15_5
CGTAAACGCTTGAGTG-1,1,6653,6659,5,5,5_5,20,True,ROI_5_5
CGTAAAGCAAGAAATC-1,1,20669,7316,6,18,6_18,8,True,ROI_6_18
CGTAACTTCGACACTT-1,1,20200,10321,9,17,9_17,22,True,ROI_9_17
CGTACCGAAAGTCTAG-1,1,6412,5158,4,5,4_5,12,True,ROI_4_5
CGTACCTGATAGGCCT-1,1,9277,12798,11,8,11_8,20,True,ROI_11_8
CGTAGAGAGTAATTAT-1,1,19971,15372,13,17,13_17,23,True,ROI_13_17
CGTAGCGAATTGTCAG-1,1,7140,13211,11,6,11_6,20,True,ROI_11_6
CGTAGCGCCGACGTTG-1,1,5710,10757,9,5,9_5,20,True,ROI_9_5
CGTATTAAGAGATCTA-1,1,11649,10882,9,10,9_10,23,True,ROI_9_10
CGTCACGTCCATTGGT-1,1,15211,10466,9,13,9_13,21,True,ROI_9_13
CGTCAGTGCGCACAAG-1,1,6659,10209,9,5,9_5,20,True,ROI_9_5
CGTCAGTTTATCGTCT-1,1,4524,11714,10,4,10_4,22,True,ROI_10_4
CGTCATACCATATCCA-1,1,8790,6246,5,7,5_7,20,True,ROI_5_7
CGTCCTCATCGCGTGC-1,1,20928,18647,16,18,16_18,23,True,ROI_16_18
CGTCGCATGTGAGCCA-1,1,19494,14008,12,17,12_17,20,True,ROI_12_17
CGTCGCGGCGGGATTT-1,1,6888,5430,4,6,4_6,9,True,ROI_4_6
CGTCGCTTGGTTATAC-1,1,19006,6910,6,16,6_16,16,True,ROI_6_16
CGTCGGATAGTGTTGA-1,1,12134,16615,14,10,14_10,20,True,ROI_14_10
CGTCGGGTCTAAGCGC-1,1,16867,6504,5,14,5_14,20,True,ROI_5_14
CGTCGTCCTTCGCGAA-1,1,17356,13875,12,15,12_15,20,True,ROI_12_15
CGTCTGGAAGGGCCCG-1,1,7850,11981,10,6,10_6,22,True,ROI_10_6
CGTGAAGTTAATTCAC-1,1,13550,11152,9,11,9_11,22,True,ROI_9_11
CGTGACATTGGGTCGT-1,1,7618,14849,13,6,13_6,23,True,ROI_13_6
CGTGACCAGTCCTCTG-1,1,19013,11005,9,16,9_16,18,True,ROI_9_16
CGTGCACACCACTGTA-1,1,21160,15780,13,18,13_18,21,True,ROI_13_18
CGTGCAGACTGGGACA-1,1,13554,13609,12,12,12_12,13,True,ROI_12_12
CGTGCATTGTCGACGC-1,1,13306,7739,6,11,6_11,23,True,ROI_6_11
CGTGCCCGACATTTGT-1,1,4286,11578,10,3,10_3,9,True,ROI_10_3
CGTGCTGGCCTAGTCG-1,1,6176,6114,5,5,5_5,20,True,ROI_5_5
CGTGCTTCTACCTAAA-1,1,18769,7320,6,16,6_16,16,True,ROI_6_16
CGTGGAAGCCTCGTAC-1,1,15466,19886,17,13,17_13,15,True,ROI_17_13
CGTGGCCGAATATCTA-1,1,15224,17292,15,13,15_13,20,True,ROI_15_13
CGTGGTACCCAAAGGC-1,1,19723,9229,8,17,8_17,20,True,ROI_8_17
CGTGTATGGGAGCTGA-1,1,19502,18650,16,17,16_17,22,True,ROI_16_17
CGTGTCCCATTCGCGA-1,1,10695,8973,7,9,7_9,20,True,ROI_7_9
CGTGTCTCGTTACGAC-1,1,18295,8140,7,16,7_16,16,True,ROI_7_16
CGTGTGTTAAACCCTG-1,1,11664,19347,17,10,17_10,21,True,ROI_17_10
CGTTAAACTAGTTAGG-1,1,15702,18657,16,13,16_13,20,True,ROI_16_13
CGTTAAATACGACCAG-1,1,21642,19602,17,19,17_19,5,False,ROI_17_19
CGTTAATGTCCCGACG-1,1,18071,15376,13,16,13_16,21,True,ROI_13_16
CGTTAGCTCACAACTG-1,1,7382,15805,13,6,13_6,23,True,ROI_13_6
CGTTCAAGGAAACGGA-1,1,20674,9774,8,18,8_18,19,True,ROI_8_18
CGTTCAGACCCGCGAA-1,1,19490,11824,10,17,10_17,20,True,ROI_10_17
CGTTCATGGTGCGCGT-1,1,15441,6233,5,13,5_13,20,True,ROI_5_13
CGTTCTTCGCACACCT-1,1,8574,18397,16,7,16_7,16,True,ROI_16_7
CGTTGAATACCGCGCT-1,1,17593,14011,12,15,12_15,20,True,ROI_12_15
CGTTGAGTAATTGCGT-1,1,6672,17308,15,5,15_5,20,True,ROI_15_5
CGTTGCCCGCGTGGGA-1,1,19486,9639,8,17,8_17,20,True,ROI_8_17
CGTTGTAAGATTGATT-1,1,10237,18257,16,9,16_9,20,True,ROI_16_9
CGTTGTCGGCAATTGA-1,1,19254,12507,11,17,11_17,20,True,ROI_11_17
CGTTGTTTCAATTCCC-1,1,12120,8970,7,10,7_10,20,True,ROI_7_10
CGTTTAAGCGGAGCAC-1,1,7137,11573,10,6,10_6,22,True,ROI_10_6
CGTTTACAAGGCAGCT-1,1,9052,19488,17,8,17_8,23,True,ROI_17_8
CGTTTCACTTCGGGCG-1,1,8333,16076,14,7,14_7,16,True,ROI_14_7
CGTTTCGCTCATTACA-1,1,12360,10198,9,10,9_10,23,True,ROI_9_10
CGTTTCGGTTATATGC-1,1,21642,19328,17,19,17_19,5,False,ROI_17_19
CTAAAGAATGCCTACT-1,1,12595,8423,7,11,7_11,20,True,ROI_7_11
CTAAAGGGAAATAGGA-1,1,14502,11969,10,12,10_12,16,True,ROI_10_12
CTAAAGTCCGAAGCTA-1,1,4989,6526,5,4,5_4,11,True,ROI_5_4
CTAAATCCGGTGTACA-1,1,18533,8276,7,16,7_16,16,True,ROI_7_16
CTAAATCCTATTCCGG-1,1,10231,14981,13,9,13_9,23,True,ROI_13_9
CTAACCGCGCGCCCGT-1,1,12832,8286,7,11,7_11,20,True,ROI_7_11
CTAACGAAACTTGCTG-1,1,11184,16344,14,9,14_9,20,True,ROI_14_9
CTAACTGATAATCGCC-1,1,17837,17424,15,15,15_15,16,True,ROI_15_15
CTAACTGGTCCGGTTC-1,1,15920,8417,7,14,7_14,9,True,ROI_7_14
CTAAGTACAGGGCTAC-1,1,5485,17447,15,4,15_4,8,True,ROI_15_4
CTAATTATGAAGCGTA-1,1,6677,20038,17,5,17_5,23,True,ROI_17_5
CTAATTCGCACGCGCT-1,1,10694,8154,7,9,7_9,20,True,ROI_7_9
CTAATTCTCAGATATT-1,1,10474,17847,15,9,15_9,20,True,ROI_15_9
CTAATTTCAACAACAC-1,1,9029,7201,6,7,6_7,22,True,ROI_6_7
CTACAAGAAATAACCC-1,1,17822,8960,7,15,7_15,17,True,ROI_7_15
CTACACTCGCAGATGG-1,1,17599,17288,15,15,15_15,16,True,ROI_15_15
CTACATATCGCGGGAC-1,1,20190,5133,4,17,4_17,20,True,ROI_4_17
CTACCCTAAGGTCATA-1,1,11421,15934,14,10,14_10,20,True,ROI_14_10
CTACGAACTAGGTCGA-1,1,5240,13488,11,4,11_4,20,True,ROI_11_4
CTACGACTAGCTATAA-1,1,13067,6784,6,11,6_11,23,True,ROI_6_11
CTACGATCCTATCCTA-1,1,20430,6088,5,18,5_18,17,True,ROI_5_18
CTACGCACGGAGTACC-1,1,12362,11291,9,10,9_10,23,True,ROI_9_10
CTACGCCATTTCCGAT-1,1,6904,14441,12,6,12_6,20,True,ROI_12_6
CTACGTGTTGCCACCA-1,1,5465,6798,6,4,6_4,14,True,ROI_6_4
CTACTATCATAGGTTT-1,1,16630,6914,6,14,6_14,23,True,ROI_6_14
CTACTATCTTTCAGAG-1,1,10946,16208,14,9,14_9,20,True,ROI_14_9
CTACTCAAGGTATAGT-1,1,18297,9232,8,16,8_16,16,True,ROI_8_16
CTACTCTAGGCCCGGC-1,1,11404,6923,6,10,6_10,22,True,ROI_6_10
CTACTGCCACCTGACC-1,1,10463,12113,10,9,10_9,20,True,ROI_10_9
CTAGACATATATGTAG-1,1,5961,18265,16,5,16_5,20,True,ROI_16_5
CTAGACTGCATTTCGT-1,1,6433,16626,14,5,14_5,20,True,ROI_14_5
CTAGATAAACTCCTCG-1,1,5703,6934,6,5,6_5,22,True,ROI_6_5
CTAGATGTGAGTGTAA-1,1,11899,17571,15,10,15_10,20,True,ROI_15_10
CTAGATTTACGACGGC-1,1,14029,13608,12,12,12_12,13,True,ROI_12_12
CTAGCATAGTATAATG-1,1,12127,12520,11,10,11_10,20,True,ROI_11_10
CTAGCCACAGGCGAGC-1,1,18079,19472,17,16,17_16,8,True,ROI_17_16
CTAGCCGATGTTATGA-1,1,9523,17303,15,8,15_8,20,True,ROI_15_8
CTAGGCGCCCTATCAG-1,1,16172,15925,14,14,14_14,20,True,ROI_14_14
CTAGGCGGCAGAGAAT-1,1,4992,7891,6,4,6_4,14,True,ROI_6_4
CTAGGGATAGGGACAA-1,1,20911,9364,8,18,8_18,19,True,ROI_8_18
CTAGGTCTGAAGGAAT-1,1,12612,17707,15,11,15_11,16,True,ROI_15_11
CTAGGTTCGGACGTGA-1,1,17829,13055,11,15,11_15,20,True,ROI_11_15
CTAGTAGAAAGGGATT-1,1,19020,14555,12,16,12_16,16,True,ROI_12_16
CTAGTATTCGGAATTA-1,1,7379,14440,12,6,12_6,20,True,ROI_12_6
CTAGTCACGTCTTAAG-1,1,12840,12928,11,11,11_11,19,True,ROI_11_11
CTAGTGAAGGACAGGA-1,1,12120,8697,7,10,7_10,20,True,ROI_7_10
CTAGTTACAACCCGGT-1,1,16641,12648,11,14,11_14,20,True,ROI_11_14
CTAGTTGGGCCCGGTA-1,1,10227,12796,11,9,11_9,20,True,ROI_11_9
CTATAAGAGCCAATCG-1,1,10235,17165,15,9,15_9,20,True,ROI_15_9
CTATAGGCGTTGATGT-1,1,18771,8685,7,16,7_16,16,True,ROI_7_16
CTATATCCAGCCTGGC-1,1,20433,7726,6,18,6_18,8,True,ROI_6_18
CTATCACAACGCTGGA-1,1,21632,14141,12,19,12_19,7,False,ROI_12_19
CTATCGACGAAATACA-1,1,16647,16198,14,14,14_14,20,True,ROI_14_14
CTATCGCGTAGAGAAC-1,1,17841,19608,17,15,17_15,8,True,ROI_17_15
CTATCGGGTCTCAACA-1,1,12365,12929,11,10,11_10,20,True,ROI_11_10
CTATGCCCGAATGCAA-1,1,19014,11551,10,16,10_16,16,True,ROI_10_16
CTATGGGAAGCGGAAT-1,1,16888,17699,15,14,15_14,20,True,ROI_15_14
CTATGTCACTAGCCCA-1,1,11177,12521,11,9,11_9,20,True,ROI_11_9
CTATGTCTATTGAAAC-1,1,6661,11028,9,5,9_5,20,True,ROI_9_5
CTATGTGAGTCACGGC-1,1,14728,5825,5,13,5_13,20,True,ROI_5_13
CTATTCATGTGTCCCA-1,1,16402,11966,10,14,10_14,10,True,ROI_10_14
CTATTGTGTTTGGTCA-1,1,7147,17307,15,6,15_6,20,True,ROI_15_6
CTATTTGCTTGGAGGA-1,1,20678,12231,10,18,10_18,20,True,ROI_10_18
CTATTTGGTTACGGAT-1,1,12606,14703,13,11,13_11,13,True,ROI_13_11
CTCAAACCACTGCCCG-1,1,19247,8957,7,17,7_17,20,True,ROI_7_17
CTCAACTAACCCGGAT-1,1,19021,15101,13,16,13_16,21,True,ROI_13_16
CTCAAGACATTAGCGC-1,1,7385,17443,15,6,15_6,20,True,ROI_15_6
CTCACACGCAAGCCTA-1,1,8340,20172,17,7,17_7,17,True,ROI_17_7
CTCACATTTACTAAAT-1,1,18779,12781,11,16,11_16,16,True,ROI_11_16
CTCACCGATCCAAACT-1,1,5964,19630,17,5,17_5,23,True,ROI_17_5
CTCACTGTGATACTTA-1,1,19018,13736,12,16,12_16,16,True,ROI_12_16
CTCACTTGGCTGGTAA-1,1,13542,7056,6,11,6_11,23,True,ROI_6_11
CTCAGAGCTAATGTCG-1,1,21390,11547,10,18,10_18,20,True,ROI_10_18
CTCAGGACTCACCTGT-1,1,7842,7613,6,6,6_6,23,True,ROI_6_6
CTCAGTCACGACAAAT-1,1,9759,16620,14,8,14_8,20,True,ROI_14_8
CTCATAAATGTGTATA-1,1,21639,17963,15,19,15_19,9,True,ROI_15_19
CTCATGGCTCACAATC-1,1,7138,12119,10,6,10_6,22,True,ROI_10_6
CTCATGGTAATTTGCG-1,1,15918,7052,6,14,6_14,23,True,ROI_6_14
CTCATTGCTCTAACAA-1,1,18306,14147,12,16,12_16,16,True,ROI_12_16
CTCATTTGATGGGCGG-1,1,9275,11979,10,8,10_8,23,True,ROI_10_8
CTCCCAATGAGTCGCG-1,1,16178,19202,17,14,17_14,15,True,ROI_17_14
CTCCCTCCTTTCGATC-1,1,16155,6642,5,14,5_14,20,True,ROI_5_14
CTCCGCCCACATGAGG-1,1,14258,8830,7,12,7_12,16,True,ROI_7_12
CTCCGGCCTAATATGC-1,1,8562,11571,10,7,10_7,18,True,ROI_10_7
CTCCGGCTTGTAGACA-1,1,7602,6111,5,6,5_6,20,True,ROI_5_6
CTCCTAAGTTATGTCT-1,1,6892,7614,6,6,6_6,23,True,ROI_6_6
CTCCTCCAGCTCACAC-1,1,18774,10323,9,16,9_16,18,True,ROI_9_16
CTCCTGTTCAAGGCAG-1,1,17128,19473,17,15,17_15,8,True,ROI_17_15
CTCCTTTACGCAAGTC-1,1,9525,18395,16,8,16_8,20,True,ROI_16_8
CTCGAATGGAACGTAT-1,1,5484,17174,15,4,15_4,8,True,ROI_15_4
CTCGAGATCCAAAGCA-1,1,6650,5294,4,5,4_5,12,True,ROI_4_5
CTCGAGGTCGAACAGT-1,1,10937,11566,10,9,10_9,20,True,ROI_10_9
CTCGATATTTGCGAGC-1,1,9522,17030,15,8,15_8,20,True,ROI_15_8
CTCGCACCTATATAGT-1,1,9752,12797,11,8,11_8,20,True,ROI_11_8
CTCGCATTGCATAGCC-1,1,18290,5136,4,16,4_16,14,True,ROI_4_16
CTCGCCGAATGTAGGG-1,1,18303,12235,10,16,10_16,16,True,ROI_10_16
CTCGCTAGGTAAGCGA-1,1,21161,16599,14,18,14_18,20,True,ROI_14_18
CTCGGGATAACACCTA-1,1,11428,20030,17,10,17_10,21,True,ROI_17_10
CTCGGGCATCGTCGGG-1,1,4051,12807,11,3,11_3,7,False,ROI_11_3
CTCGGGTTCTCTGGCC-1,1,18531,7183,6,16,6_16,16,True,ROI_6_16
CTCGGTACCACTGCTC-1,1,13794,14564,12,12,12_12,13,True,ROI_12_12
CTCGGTCCGTAGCCTG-1,1,8322,10342,9,7,9_7,18,True,ROI_9_7
CTCGGTTGTCGGCCCT-1,1,17343,7049,6,15,6_15,20,True,ROI_6_15
CTCGTCGAGGGCTCAT-1,1,18291,5955,5,16,5_16,18,True,ROI_5_16
CTCGTCTGTGCCTTCG-1,1,20683,14688,13,18,13_18,21,True,ROI_13_18
CTCGTTACGGCTACCA-1,1,20672,8954,7,18,7_18,16,True,ROI_7_18
CTCGTTTCTAATGTTT-1,1,9286,17713,15,8,15_8,20,True,ROI_15_8
CTCTAATGCATTGATC-1,1,9762,18531,16,8,16_8,20,True,ROI_16_8
CTCTACACTGGCGATT-1,1,14253,5826,5,12,5_12,16,True,ROI_5_12
CTCTACATCCTGCGTG-1,1,21154,12503,11,18,11_18,20,True,ROI_11_18
CTCTAGCCCTCGGAAA-1,1,19735,15782,13,17,13_17,23,True,ROI_13_17
CTCTATTTGGCTGCAG-1,1,15453,12787,11,13,11_13,12,True,ROI_11_13
CTCTCACAATCGATGA-1,1,11653,13067,11,10,11_10,20,True,ROI_11_10
CTCTCGATGTGCGCCT-1,1,4999,11987,10,4,10_4,22,True,ROI_10_4
CTCTCTAACTGCCTAG-1,1,17579,6366,5,15,5_15,22,True,ROI_5_15
CTCTGCAGGCATTCTT-1,1,20906,6633,5,18,5_18,17,True,ROI_5_18
CTCTGCGAAGCAAGCA-1,1,6897,10345,9,6,9_6,20,True,ROI_9_6
CTCTGGACGCCTGGTG-1,1,11651,11974,10,10,10_10,20,True,ROI_10_10
CTCTGTTTGAGGATTC-1,1,7377,13348,11,6,11_6,20,True,ROI_11_6
CTCTTCTATTGACTGG-1,1,14986,17156,15,13,15_13,20,True,ROI_15_13
CTCTTCTGGAAGTTAG-1,1,18772,8958,7,16,7_16,16,True,ROI_7_16
CTCTTGTCCCGCTTGG-1,1,16876,11419,10,14,10_14,10,True,ROI_10_14
CTGAAACGGCCCTCAG-1,1,5251,19768,17,4,17_4,7,False,ROI_17_4
CTGAAAGAGATCCGAC-1,1,8564,12936,11,7,11_7,16,True,ROI_11_7
CTGAATCCGAGACCTC-1,1,15212,10739,9,13,9_13,21,True,ROI_9_13
CTGAATTTATTGCCAG-1,1,9286,17986,15,8,15_8,20,True,ROI_15_8
CTGACATAGAAATAGA-1,1,16179,19748,17,14,17_14,15,True,ROI_17_14
CTGACTGCGCAGCTCG-1,1,11423,17299,15,10,15_10,20,True,ROI_15_10
CTGAGAAAGTTCGGCG-1,1,15703,19476,17,13,17_13,15,True,ROI_17_13
CTGAGCAAGTAACAAG-1,1,7603,6930,6,6,6_6,23,True,ROI_6_6
CTGCAAATGGGCTCCA-1,1,4050,12261,10,3,10_3,9,True,ROI_10_3
CTGCAAGCACGTTCCG-1,1,18552,18652,16,16,16_16,23,True,ROI_16_16
CTGCACAACTACATAT-1,1,15930,13878,12,14,12_14,20,True,ROI_12_14
CTGCACCTAGTCCACA-1,1,10952,19485,17,9,17_9,22,True,ROI_17_9
CTGCACCTGGAACCGC-1,1,7609,10207,9,6,9_6,20,True,ROI_9_6
CTGCACTCCAGTACAG-1,1,16879,13057,11,14,11_14,20,True,ROI_11_14
CTGCAGAGAATCAGAG-1,1,18550,17286,15,16,15_16,20,True,ROI_15_16
CTGCCAAGGTTGGAAG-1,1,9042,14027,12,8,12_8,20,True,ROI_12_8
CTGCCATGCATCACAT-1,1,13551,11971,10,11,10_11,20,True,ROI_10_11
CTGCCTAGCCACCAAG-1,1,5954,14442,12,5,12_5,20,True,ROI_12_5
CTGCCTCATATGCAAC-1,1,11903,20029,17,10,17_10,21,True,ROI_17_10
CTGCCTTTAATACCTT-1,1,19244,7319,6,17,6_17,20,True,ROI_6_17
CTGCCTTTCTAGTAAA-1,1,19023,16193,14,16,14_16,20,True,ROI_14_16
CTGCGACCTCGCCGAA-1,1,20918,13459,11,18,11_18,20,True,ROI_11_18
CTGCGATTTCGAGATT-1,1,21152,11684,10,18,10_18,20,True,ROI_10_18
CTGCGGGTGAAATGTT-1,1,11404,6650,5,10,5_10,15,True,ROI_5_10
CTGCGGTAGTCACGTG-1,1,6432,16080,14,5,14_5,20,True,ROI_14_5
CTGCGTTACGATATAA-1,1,7857,15804,13,6,13_6,23,True,ROI_13_6
CTGCTCTGACGGCAAA-1,1,21866,12365,10,19,10_19,8,True,ROI_10_19
CTGCTGAGGCCACGAA-1,1,15683,8281,7,13,7_13,20,True,ROI_7_13
CTGCTGTCTAACGAGC-1,1,15704,19749,17,13,17_13,15,True,ROI_17_13
CTGCTTGGCGATAGCT-1,1,16643,13740,12,14,12_14,20,True,ROI_12_14
CTGCTTTATGTCCGCG-1,1,8813,18806,16,7,16_7,16,True,ROI_16_7
CTGGAAATGGATGCTT-1,1,10936,10747,9,9,9_9,22,True,ROI_9_9
CTGGAAGACACGGTGG-1,1,15933,15516,13,14,13_14,23,True,ROI_13_14
CTGGACGCAGTCCGGC-1,1,16152,5276,4,14,4_14,15,True,ROI_4_14
CTGGCATCCGAATGAG-1,1,15443,7053,6,13,6_13,22,True,ROI_6_13
CTGGCGACATAAGTCC-1,1,8092,14575,12,7,12_7,16,True,ROI_12_7
CTGGCGATTTACATGT-1,1,21402,18100,16,18,16_18,23,True,ROI_16_18
CTGGCGCACAGGTCTG-1,1,12845,15658,13,11,13_11,13,True,ROI_13_11
CTGGCGGGAATAAGTA-1,1,8790,6519,5,7,5_7,20,True,ROI_5_7
CTGGCTCCTGCGGGAT-1,1,5703,7207,6,5,6_5,22,True,ROI_6_5
CTGGCTGATTCATCCT-1,1,14510,16611,14,12,14_12,20,True,ROI_14_12
CTGGCTGCTAACGTAA-1,1,5228,6935,6,4,6_4,14,True,ROI_6_4
CTGGGATACGCTACCC-1,1,12852,19481,17,11,17_11,13,True,ROI_17_11
CTGGGATCGCCCAGAT-1,1,4287,12124,10,3,10_3,9,True,ROI_10_3
CTGGGCCTGCTATATC-1,1,14494,7600,6,12,6_12,18,True,ROI_6_12
CTGGGCTACTGGAGAG-1,1,22115,18235,16,19,16_19,13,True,ROI_16_19
CTGGGCTATCCTTTGG-1,1,5486,18266,16,4,16_4,11,True,ROI_16_4
CTGGGTTGAGTTAAAG-1,1,16627,5003,4,14,4_14,15,True,ROI_4_14
CTGGTAAAGACTTACA-1,1,20925,17009,15,18,15_18,20,True,ROI_15_18
CTGGTAAAGTGTGGGC-1,1,18315,19062,16,16,16_16,23,True,ROI_16_16
CTGGTAACACATAGAA-1,1,14033,15520,13,12,13_12,17,True,ROI_13_12
CTGGTAACGAGCTCTT-1,1,10947,16754,14,9,14_9,20,True,ROI_14_9
CTGGTCATTCCAATCC-1,1,9501,5562,4,8,4_8,4,False,ROI_4_8
CTGGTCCTAACTTGGC-1,1,5713,12395,10,5,10_5,23,True,ROI_10_5
CTGGTGAATGGGCCTA-1,1,19479,6090,5,17,5_17,23,True,ROI_5_17
CTGGTTCAACGCATCA-1,1,5944,8708,7,5,7_5,20,True,ROI_7_5
CTGGTTTCGAGCAAGA-1,1,14983,15518,13,13,13_13,19,True,ROI_13_13
CTGTACTTCTTAGCAT-1,1,13311,10470,9,11,9_11,22,True,ROI_9_11
CTGTAGTGAGGATCGA-1,1,20436,9364,8,18,8_18,19,True,ROI_8_18
CTGTATGGTGTAGAAA-1,1,8793,7884,6,7,6_7,22,True,ROI_6_7
CTGTCAAATGGCTCGG-1,1,9518,14845,13,8,13_8,22,True,ROI_13_8
CTGTCACGCCAGGCGC-1,1,6434,16899,14,5,14_5,20,True,ROI_14_5
CTGTGCAGGGTAGGTC-1,1,14028,13062,11,12,11_12,16,True,ROI_11_12
CTGTGGTCGGGAGATA-1,1,17121,15651,13,15,13_15,19,True,ROI_13_15
CTGTTACCCAATCTAG-1,1,15451,11421,10,13,10_13,16,True,ROI_10_13
CTGTTCACTGCCTGTG-1,1,9274,11160,9,8,9_8,18,True,ROI_9_8
CTGTTCATCTCACGGG-1,1,9268,8156,7,8,7_8,16,True,ROI_7_8
CTGTTGTTCAGTCGTA-1,1,19955,6362,5,17,5_17,23,True,ROI_5_17
CTTAACTTACAGTATA-1,1,20690,18784,16,18,16_18,23,True,ROI_16_18
CTTAACTTCGAAGTAC-1,1,6663,12120,10,5,10_5,23,True,ROI_10_5
CTTACACGGTATTCCA-1,1,11409,9654,8,10,8_10,20,True,ROI_8_10
CTTACACTGGGAAATA-1,1,7847,10070,8,6,8_6,20,True,ROI_8_6
CTTACATAGATTTCTT-1,1,21633,14687,13,19,13_19,6,False,ROI_13_19
CTTAGATGTTTCATCC-1,1,21631,13321,11,19,11_19,8,True,ROI_11_19
CTTAGCCTTCCACATG-1,1,9279,14163,12,8,12_8,20,True,ROI_12_8
CTTAGGTATAGACCAG-1,1,19003,5544,4,16,4_16,14,True,ROI_4_16
CTTAGTAGGCCTACAG-1,1,11661,17435,15,10,15_10,20,True,ROI_15_10
CTTAGTGTAGTAGCAT-1,1,18545,14829,13,16,13_16,21,True,ROI_13_16
CTTAGTTGAGGAATCG-1,1,19958,8000,7,17,7_17,20,True,ROI_7_17
CTTATGCGCTCAGGGC-1,1,14251,5007,4,12,4_12,12,True,ROI_4_12
CTTATGTTGACTACCA-1,1,7129,7204,6,6,6_6,23,True,ROI_6_6
CTTCAACTCCACTTGG-1,1,18069,14011,12,15,12_15,20,True,ROI_12_15
CTTCACGCCCTGGTAC-1,1,20905,6360,5,18,5_18,17,True,ROI_5_18
CTTCAGTGGTCGCCTA-1,1,16866,5958,5,14,5_14,20,True,ROI_5_14
CTTCAGTTGGACAACG-1,1,21398,15916,14,18,14_18,20,True,ROI_14_18
CTTCATAGCTCAAGAA-1,1,8556,8567,7,7,7_7,20,True,ROI_7_7
CTTCATTGTCAGTGGA-1,1,12601,11700,10,11,10_11,20,True,ROI_10_11
CTTCGATTGCGCAAGC-1,1,20209,15508,13,17,13_17,23,True,ROI_13_17
CTTCGGCCAATTGTTT-1,1,15939,18520,16,14,16_14,20,True,ROI_16_14
CTTCGTAGATAGGTGA-1,1,13309,9650,8,11,8_11,20,True,ROI_8_11
CTTCTATGTTGAAGTA-1,1,14968,7327,6,13,6_13,22,True,ROI_6_13
CTTCTGGGCGTACCTA-1,1,19721,8137,7,17,7_17,20,True,ROI_7_17
CTTCTTACGTCGTATA-1,1,7374,11709,10,6,10_6,22,True,ROI_10_6
CTTGACCCGAAAGATA-1,1,6186,11302,10,5,10_5,23,True,ROI_10_5
CTTGAGGTTATCCCGA-1,1,6890,6795,6,6,6_6,23,True,ROI_6_6
CTTGAGTTAGGGTAAT-1,1,13321,16204,14,11,14_11,16,True,ROI_14_11
CTTGATGACCATCCAG-1,1,20687,16873,14,18,14_18,20,True,ROI_14_18
CTTGCAACCGCCTCCT-1,1,14255,6918,6,12,6_12,18,True,ROI_6_12
CTTGCCCACCCACGCA-1,1,20687,17146,15,18,15_18,20,True,ROI_15_18
CTTGCCCAGGCTCTAC-1,1,14737,11013,9,13,9_13,21,True,ROI_9_13
CTTGGCCAAGCTGGGA-1,1,18539,11279,9,16,9_16,18,True,ROI_9_16
CTTGTACTTGTTGACT-1,1,9035,10477,9,7,9_7,18,True,ROI_9_7
CTTGTCAACATTCGAG-1,1,15928,12513,11,14,11_14,20,True,ROI_11_14
CTTGTGAGTCTTTGAC-1,1,6418,8161,7,5,7_5,20,True,ROI_7_5
CTTGTGCTCACCGATT-1,1,9283,16348,14,8,14_8,20,True,ROI_14_8
CTTGTTGCTGAGTCAA-1,1,13081,14429,12,11,12_11,16,True,ROI_12_11
CTTGTTTATGTAGCCA-1,1,8317,7339,6,7,6_7,22,True,ROI_6_7
CTTTAACTTTCAAAGG-1,1,9514,12661,11,8,11_8,20,True,ROI_11_8
CTTTAATATTGGTCGA-1,1,16167,13468,11,14,11_14,20,True,ROI_11_14
CTTTACCGAATAGTAG-1,1,15932,14970,13,14,13_14,23,True,ROI_13_14
CTTTAGTGCTATTATT-1,1,14502,12242,10,12,10_12,16,True,ROI_10_12
CTTTCTGTGCGGGCTT-1,1,16878,12511,11,14,11_14,20,True,ROI_11_14
CTTTGCATCGCTCTTG-1,1,18310,16331,14,16,14_16,20,True,ROI_14_16
CTTTGGCAGACAGAGT-1,1,5250,18949,16,4,16_4,11,True,ROI_16_4
CTTTGGCGCTTTATAC-1,1,11640,5967,5,10,5_10,15,True,ROI_5_10
CTTTGGCTTTAGTAAA-1,1,11645,8971,7,10,7_10,20,True,ROI_7_10
CTTTGGGATTGTTGCA-1,1,18773,9504,8,16,8_16,16,True,ROI_8_16
GAAACAGATGACCACC-1,1,13559,16067,14,12,14_12,20,True,ROI_14_12
GAAACAGCCATGCAGT-1,1,7137,11846,10,6,10_6,22,True,ROI_10_6
GAAACATAGGAAACAG-1,1,18292,6228,5,16,5_16,18,True,ROI_5_16
GAAACCATGGTGCGCT-1,1,10475,18393,16,9,16_9,20,True,ROI_16_9
GAAACCGAATTACCTT-1,1,14736,10467,9,13,9_13,21,True,ROI_9_13
GAAACCTATACAAATG-1,1,18300,10597,9,16,9_16,18,True,ROI_9_16
GAAACTCGTGCGATGC-1,1,10691,6788,6,9,6_9,23,True,ROI_6_9
GAAACTCTAATGAAGG-1,1,7140,13484,11,6,11_6,20,True,ROI_11_6
GAAAGAACAGCGTTAT-1,1,12849,17570,15,11,15_11,16,True,ROI_15_11
GAAAGCAGTGCACTTT-1,1,17350,10872,9,15,9_15,14,True,ROI_9_15
GAAAGCCCTTTGGACC-1,1,12353,6376,5,10,5_10,15,True,ROI_5_10
GAAAGTGACTAACTGC-1,1,9980,7745,6,8,6_8,18,True,ROI_6_8
GAAATACCTGCTGGCT-1,1,5718,15125,13,5,13_5,22,True,ROI_13_5
GAAATACTAAACGTTT-1,1,8315,6520,5,7,5_7,20,True,ROI_5_7
GAAATATCACCATCAG-1,1,11879,6650,5,10,5_10,15,True,ROI_5_10
GAAATATGCTTGAATG-1,1,7862,18535,16,6,16_6,20,True,ROI_16_6
GAAATCGCGCGCAACT-1,1,8327,12800,11,7,11_7,16,True,ROI_11_7
GAAATGGCGGTGTTAG-1,1,11173,10610,9,9,9_9,22,True,ROI_9_9
GAAATGGGATGTAAAC-1,1,7126,5839,5,6,5_6,20,True,ROI_5_6
GAAATTAGCACGGATA-1,1,8334,16622,14,7,14_7,16,True,ROI_14_7
GAAATTCACATCGCTG-1,1,7134,10208,9,6,9_6,20,True,ROI_9_6
GAAATTGTCTCTATAA-1,1,14262,10741,9,12,9_12,18,True,ROI_9_12
GAACAACTGGGATGAA-1,1,19971,15099,13,17,13_17,23,True,ROI_13_17
GAACACACATCAACCA-1,1,9272,10340,9,8,9_8,18,True,ROI_9_8
GAACAGATTACTAAAT-1,1,17592,13192,11,15,11_15,20,True,ROI_11_15
GAACATTAGTATGTTA-1,1,7390,20174,17,6,17_6,22,True,ROI_17_6
GAACCATCTGGGAGAC-1,1,4997,10894,9,4,9_4,18,True,ROI_9_4
GAACCCTCTGTGTTCT-1,1,18066,12645,11,15,11_15,20,True,ROI_11_15
GAACCTTTAACGATCC-1,1,19019,14282,12,16,12_16,16,True,ROI_12_16
GAACGACCGAATGATA-1,1,8563,12117,10,7,10_7,18,True,ROI_10_7
GAACGATAAGTTAAAG-1,1,10478,20305,17,9,17_9,22,True,ROI_17_9
GAACGCGGGTCACACG-1,1,15465,19067,16,13,16_13,20,True,ROI_16_13
GAACGGTGTAAAGCAG-1,1,5011,18540,16,4,16_4,11,True,ROI_16_4
GAACGTCTCATGGTCG-1,1,11420,15388,13,10,13_10,22,True,ROI_13_10
GAACTGTGGAGAGACA-1,1,20204,12505,11,17,11_17,20,True,ROI_11_17
GAACTTAGCGCCCGGT-1,1,5247,17311,15,4,15_4,8,True,ROI_15_4
GAAGAAACGATATTGT-1,1,18057,7457,6,15,6_15,20,True,ROI_6_15
GAAGAACGGTGCAGGT-1,1,7369,8979,7,6,7_6,20,True,ROI_7_6
GAAGACTTCAATGCCG-1,1,4763,12397,10,4,10_4,22,True,ROI_10_4
GAAGCCACTGATTATG-1,1,19492,12916,11,17,11_17,20,True,ROI_11_17
GAAGCCTGCACATTCC-1,1,18540,11825,10,16,10_16,16,True,ROI_10_16
GAAGCGTGAGGAATTT-1,1,12125,11701,10,10,10_10,20,True,ROI_10_10
GAAGCTCGGACCCGTC-1,1,17104,6367,5,15,5_15,22,True,ROI_5_15
GAAGCTTGCTGACCGC-1,1,10931,8290,7,9,7_9,20,True,ROI_7_9
GAAGGAGTCGAGTGCG-1,1,19727,11687,10,17,10_17,20,True,ROI_10_17
GAAGGCTACCATTGTT-1,1,10002,19759,17,8,17_8,23,True,ROI_17_8
GAAGGGCATAACCATG-1,1,5699,5023,4,5,4_5,12,True,ROI_4_5
GAAGGGTCATTAAGAC-1,1,21395,14551,12,18,12_18,20,True,ROI_12_18
GAAGTCTCCCTAGCGA-1,1,12846,15931,14,11,14_11,16,True,ROI_14_11
GAAGTGATTTATCGTG-1,1,13310,9924,8,11,8_11,20,True,ROI_8_11
GAAGTGCTGGATAGCT-1,1,7612,11845,10,6,10_6,22,True,ROI_10_6
GAAGTTTCCACTCAAT-1,1,12597,9788,8,11,8_11,20,True,ROI_8_11
GAATAGACGCGACCCA-1,1,14034,16066,14,12,14_12,20,True,ROI_14_12
GAATAGCATTTAGGGT-1,1,14991,19614,17,13,17_13,15,True,ROI_17_13
GAATAGCCCTGCGGTC-1,1,8337,18534,16,7,16_7,16,True,ROI_16_7
GAATAGTGCTCGATTA-1,1,18296,8413,7,16,7_16,16,True,ROI_7_16
GAATATTCGGAGTCCC-1,1,7143,14850,13,6,13_6,23,True,ROI_13_6
GAATCGACATGGTCAC-1,1,10221,9247,8,9,8_9,20,True,ROI_8_9
GAATCGCCGGACACGG-1,1,6657,9117,8,5,8_5,20,True,ROI_8_5
GAATCTGAACATTCTC-1,1,14027,12243,10,12,10_12,16,True,ROI_10_12
GAATGAAGGTCTTCAG-1,1,8101,19490,17,7,17_7,17,True,ROI_17_7
GAATGCCGAAATGACC-1,1,9027,5836,5,7,5_7,20,True,ROI_5_7
GAATGCGAATCGGTTC-1,1,19017,12917,11,16,11_16,16,True,ROI_11_16
GAATGTATGGCAGGTC-1,1,7620,15941,14,6,14_6,20,True,ROI_14_6
GAATGTTGGGTAATCT-1,1,9515,12934,11,8,11_8,20,True,ROI_11_8
GAATTATAGTGAAAGG-1,1,12127,12793,11,10,11_10,20,True,ROI_11_10
GAATTCACCCGGGTGT-1,1,15212,11012,9,13,9_13,21,True,ROI_9_13
GAATTTCTCGCTGCAG-1,1,10693,7607,6,9,6_9,23,True,ROI_6_9
GACAAACATATGCAGG-1,1,14511,17157,15,12,15_12,20,True,ROI_15_12
GACAACGACCATTGAA-1,1,9992,14025,12,8,12_8,20,True,ROI_12_8
GACAACGCAGCTTACG-1,1,8798,10887,9,7,9_7,18,True,ROI_9_7
GACAAGAGATGAGATT-1,1,17366,19336,17,15,17_15,8,True,ROI_17_15
GACACAAGGGAAGAAA-1,1,11178,13341,11,9,11_9,20,True,ROI_11_9
GACACAGCCGGGACTG-1,1,21162,17145,15,18,15_18,20,True,ROI_15_18
GACACGAGTTAGAGGA-1,1,8553,6929,6,7,6_7,22,True,ROI_6_7
GACACTGAGTTCAGTG-1,1,14498,9785,8,12,8_12,16,True,ROI_8_12
GACACTGGAACCCGAT-1,1,16414,18519,16,14,16_14,20,True,ROI_16_14
GACACTTCCAATTACC-1,1,20686,16600,14,18,14_18,20,True,ROI_14_18
GACAGGCACACACTAT-1,1,13066,6511,5,11,5_11,19,True,ROI_5_11
GACAGGTAATCCGTGT-1,1,22117,19328,17,19,17_19,5,False,ROI_17_19
GACATCCGTCGAACTG-1,1,19492,13189,11,17,11_17,20,True,ROI_11_17
GACATTTCGCCCAGCC-1,1,21141,5677,5,18,5_18,17,True,ROI_5_18
GACCAAACGTTGACTG-1,1,17839,18243,16,15,16_15,18,True,ROI_16_15
GACCACACTTCCCTTT-1,1,20682,14415,12,18,12_18,20,True,ROI_12_18
GACCAGAGCCCTGTAG-1,1,11410,9927,8,10,8_10,20,True,ROI_8_10
GACCAGGTCATTCATA-1,1,4764,12943,11,4,11_4,20,True,ROI_11_4
GACCCAATTATGATAC-1,1,16867,6231,5,14,5_14,20,True,ROI_5_14
GACCCGTCGCCGGCTA-1,1,6186,11575,10,5,10_5,23,True,ROI_10_5
GACCGACGTGAAAGCA-1,1,13089,18798,16,11,16_11,16,True,ROI_16_11
GACCGACTGAAGCGTC-1,1,12116,6513,5,10,5_10,15,True,ROI_5_10
GACCGATTAAATATGT-1,1,20191,5679,5,17,5_17,23,True,ROI_5_17
GACCGCGTCTGACGTG-1,1,15939,18793,16,14,16_14,20,True,ROI_16_14
GACCGTCAGGTCGTGA-1,1,7142,14577,12,6,12_6,20,True,ROI_12_6
GACCGTGCTGACGGTG-1,1,13549,10606,9,11,9_11,22,True,ROI_9_11
GACCTTCCACGTCTAC-1,1,19731,13598,12,17,12_17,20,True,ROI_12_17
GACGACGATCCGCGTT-1,1,16404,13058,11,14,11_14,20,True,ROI_11_14
GACGAGGCTAATAAAC-1,1,17362,17152,15,15,15_15,16,True,ROI_15_15
GACGATATCACTGGGT-1,1,21146,8134,7,18,7_18,16,True,ROI_7_18
GACGCCTGTTGCAGGG-1,1,6655,7751,6,5,6_5,22,True,ROI_6_5
GACGCTTGCTTCTAAA-1,1,13070,8422,7,11,7_11,20,True,ROI_7_11
GACGGACCGCGTTCCT-1,1,4998,11441,10,4,10_4,22,True,ROI_10_4
GACGGGCATCGAATTT-1,1,21877,18099,16,19,16_19,13,True,ROI_16_19
GACGGGTTGGCCCGTA-1,1,18537,10460,9,16,9_16,18,True,ROI_9_16
GACGGTCAATAGAAGC-1,1,11185,17163,15,9,15_9,20,True,ROI_15_9
GACGTGAGACTCCATG-1,1,5942,7616,6,5,6_5,22,True,ROI_6_5
GACGTGTAGGGATTAT-1,1,10693,7880,6,9,6_9,23,True,ROI_6_9
GACGTTCGTAAATACA-1,1,9764,19350,17,8,17_8,23,True,ROI_17_8
GACTAACACAGCACCT-1,1,5957,15808,13,5,13_5,22,True,ROI_13_5
GACTAAGATCATGCAC-1,1,9511,10750,9,8,9_8,18,True,ROI_9_8
GACTAAGTAGGCTCAC-1,1,10458,9383,8,9,8_9,20,True,ROI_8_9
GACTACAAAGCGGTGG-1,1,15679,6370,5,13,5_13,20,True,ROI_5_13
GACTACAATTGCTCGT-1,1,5955,14715,13,5,13_5,22,True,ROI_13_5
GACTAGGCCGTTAGGT-1,1,19732,14144,12,17,12_17,20,True,ROI_12_17
GACTCACCCACGTGAG-1,1,13087,17979,15,11,15_11,16,True,ROI_15_11
GACTCCCAGAATAAGG-1,1,10475,18666,16,9,16_9,20,True,ROI_16_9
GACTCCTTCCAATTGA-1,1,17339,4865,4,15,4_15,15,True,ROI_4_15
GACTCGCGGGAATGAC-1,1,10709,16618,14,9,14_9,20,True,ROI_14_9
GACTCGGTCGGCGGAT-1,1,6198,18128,16,5,16_5,20,True,ROI_16_5
GACTCTAGAGTTCCAA-1,1,21627,11137,9,19,9_19,4,False,ROI_9_19
GACTGATTGGTCACAA-1,1,6197,17309,15,5,15_5,20,True,ROI_15_5
GACTGCAAATCGAGCT-1,1,18068,13738,12,15,12_15,20,True,ROI_12_15
GACTGCGGCACGTGTA-1,1,10451,5560,4,9,4_9,8,True,ROI_4_9
GACTGCTGGTGAGAAA-1,1,19959,8819,7,17,7_17,20,True,ROI_7_17
GACTGGGCGCCGCAAC-1,1,5483,16355,14,4,14_4,10,True,ROI_14_4
GACTTCAACGCATCAA-1,1,21636,16325,14,19,14_19,6,False,ROI_14_19
GAGAACGGTTCTGACT-1,1,19975,17557,15,17,15_17,20,True,ROI_15_17
GAGACCCTGCAACGCC-1,1,6675,18673,16,5,16_5,20,True,ROI_16_5
GAGACTGATGGGTAGA-1,1,10699,11157,9,9,9_9,22,True,ROI_9_9
GAGAGGCCTATGTGTA-1,1,19742,19605,17,17,17_17,7,False,ROI_17_17
GAGAGGGCGCGAGGTT-1,1,13071,8968,7,11,7_11,20,True,ROI_7_11
GAGAGGTGCATTCTGG-1,1,14493,7327,6,12,6_12,18,True,ROI_6_12
GAGAGTCTCGGGAGAG-1,1,21147,8954,7,18,7_18,16,True,ROI_7_18
GAGATCTGCTTGGCAT-1,1,12121,9516,8,10,8_10,20,True,ROI_8_10
GAGATCTGTCACTCCG-1,1,11179,13614,12,9,12_9,20,True,ROI_12_9
GAGATGACAATCCTTA-1,1,10478,20032,17,9,17_9,22,True,ROI_17_9
GAGATGGCTTTAATCA-1,1,20681,13869,12,18,12_18,20,True,ROI_12_18
GAGATGGGAGTCGACA-1,1,16404,13331,11,14,11_14,20,True,ROI_11_14
GAGCACCTGTGTCCAG-1,1,17832,14421,12,15,12_15,20,True,ROI_12_15
GAGCATCAACAACTTG-1,1,19245,7592,6,17,6_17,20,True,ROI_6_17
GAGCATCATCCCTGGG-1,1,6894,8980,7,6,7_6,20,True,ROI_7_6
GAGCCACGGTAGTAGG-1,1,6183,9937,8,5,8_5,20,True,ROI_8_5
GAGCCAGCTACCTGTG-1,1,16646,15651,13,14,13_14,23,True,ROI_13_14
GAGCCGAGCGTTTATT-1,1,7149,18126,16,6,16_6,20,True,ROI_16_6
GAGCGAGGGAGTACCG-1,1,7374,11436,10,6,10_6,22,True,ROI_10_6
GAGCGCAAATACTCCG-1,1,16176,18110,16,14,16_14,20,True,ROI_16_14
GAGCGCGCACGAGTAG-1,1,15697,16199,14,13,14_13,20,True,ROI_14_13
GAGCGCTGTTAGGTAA-1,1,18530,6637,5,16,5_16,18,True,ROI_5_16
GAGCGGAATGCGGTGT-1,1,20199,10047,8,17,8_17,20,True,ROI_8_17
GAGCTAAGGGCATATC-1,1,10943,14843,13,9,13_9,23,True,ROI_13_9
GAGCTCAACATGAGCG-1,1,21392,12912,11,18,11_18,20,True,ROI_11_18
GAGCTCTCGGACCTAA-1,1,7605,8023,7,6,7_6,20,True,ROI_7_6
GAGCTGTCGTCTCGGA-1,1,8812,18260,16,7,16_7,16,True,ROI_16_7
GAGGAATATCTCTTTG-1,1,20911,9637,8,18,8_18,19,True,ROI_8_18
GAGGAATGGAGAGGTT-1,1,10455,7744,6,9,6_9,23,True,ROI_6_9
GAGGATAAACAGTGCT-1,1,13564,19070,16,12,16_12,20,True,ROI_16_12
GAGGCATTTGCAGCAG-1,1,7865,19900,17,6,17_6,22,True,ROI_17_6
GAGGCCCGACTCCGCA-1,1,17105,6640,5,15,5_15,22,True,ROI_5_15
GAGGCCTGTTGATACA-1,1,19026,18105,16,16,16_16,23,True,ROI_16_16
GAGGCTATCAAAGTCG-1,1,12355,7195,6,10,6_10,22,True,ROI_6_10
GAGGGAGTCAGATCGC-1,1,19485,9093,8,17,8_17,20,True,ROI_8_17
GAGGGCATCGCGTATC-1,1,6655,8024,7,5,7_5,20,True,ROI_7_5
GAGGGCCATAATATTA-1,1,8815,20171,17,7,17_7,17,True,ROI_17_7
GAGGGCGCAGCTCTGC-1,1,10470,15663,13,9,13_9,23,True,ROI_13_9
GAGGGTAGTAACAAAG-1,1,19007,7729,6,16,6_16,16,True,ROI_6_16
GAGGTACATCCATCTT-1,1,6901,12802,11,6,11_6,20,True,ROI_11_6
GAGGTACGCGTGTCCC-1,1,19966,12642,11,17,11_17,20,True,ROI_11_17
GAGGTCCCAAAGATCT-1,1,8316,7066,6,7,6_7,22,True,ROI_6_7
GAGTAAACCGGAAAGT-1,1,16178,19475,17,14,17_14,15,True,ROI_17_14
GAGTAAGGCCACGGGA-1,1,15440,5414,4,13,4_13,15,True,ROI_4_13
GAGTACGGGTATACAA-1,1,7608,9388,8,6,8_6,20,True,ROI_8_6
GAGTAGATACTAGTTG-1,1,18778,12234,10,16,10_16,16,True,ROI_10_16
GAGTATGCGCGTGCAT-1,1,19017,13190,11,16,11_16,16,True,ROI_11_16
GAGTCCGCTTACCGGA-1,1,14976,11422,10,13,10_13,16,True,ROI_10_13
GAGTGTCAACCAGAAA-1,1,19020,14828,13,16,13_16,21,True,ROI_13_16
GAGTGTGCGGTACCCA-1,1,14508,15519,13,12,13_12,17,True,ROI_13_12
GAGTTGATGGCAATTT-1,1,16154,6096,5,14,5_14,20,True,ROI_5_14
GAGTTGTCACCAGTCT-1,1,20189,4586,4,17,4_17,20,True,ROI_4_17
GATAAATCGGTGGATG-1,1,7607,9115,8,6,8_6,20,True,ROI_8_6
GATAACTCGCACTGTG-1,1,13320,15658,13,11,13_11,13,True,ROI_13_11
GATAAGGCAGATGCAA-1,1,6416,7342,6,5,6_5,22,True,ROI_6_5
GATACGATGGGAGTCA-1,1,14735,9648,8,13,8_13,18,True,ROI_8_13
GATAGAACCCGCTAGG-1,1,20676,11139,9,18,9_18,23,True,ROI_9_18
GATAGATAGTACAGTC-1,1,21399,16735,14,18,14_18,20,True,ROI_14_18
GATAGGTAACGTTGAC-1,1,15451,11694,10,13,10_13,16,True,ROI_10_13
GATAGTGCGAGTAAGT-1,1,20198,9501,8,17,8_17,20,True,ROI_8_17
GATATCTCATGCAATA-1,1,6899,11437,10,6,10_6,22,True,ROI_10_6
GATATGAGACACTAAC-1,1,13318,14565,12,11,12_11,16,True,ROI_12_11
GATATGCGGTAGCCAA-1,1,8570,15939,14,7,14_7,16,True,ROI_14_7
GATATGGATTACGCGG-1,1,10690,5969,5,9,5_9,20,True,ROI_5_9
GATATTGAGATTGGCG-1,1,12135,17161,15,10,15_10,20,True,ROI_15_10
GATATTTCCTACATGG-1,1,8094,15667,13,7,13_7,18,True,ROI_13_7
GATCAACATAAAGGGA-1,1,18771,8412,7,16,7_16,16,True,ROI_7_16
GATCATTCCAAACATT-1,1,11174,11156,9,9,9_9,22,True,ROI_9_9
GATCCCTTTATACTGC-1,1,10700,11703,10,9,10_9,20,True,ROI_10_9
GATCCGGGAATTAACA-1,1,13316,13473,11,11,11_11,19,True,ROI_11_11
GATCCTAAATCGGGAC-1,1,10471,16482,14,9,14_9,20,True,ROI_14_9
GATCCTCGACACTGGC-1,1,15919,7871,6,14,6_14,23,True,ROI_6_14
GATCCTCTTGCGCTTA-1,1,5717,14852,13,5,13_5,22,True,ROI_13_5
GATCGACACTATCTGA-1,1,10459,9929,8,9,8_9,20,True,ROI_8_9
GATCGCGGGCTCTCCA-1,1,12599,10607,9,11,9_11,22,True,ROI_9_11
GATCGCTACCCGATTT-1,1,15936,16881,14,14,14_14,20,True,ROI_14_14
GATCGCTATATCTCAG-1,1,18531,6910,6,16,6_16,16,True,ROI_6_16
GATCGCTGTGGTGCGT-1,1,20667,5951,5,18,5_18,17,True,ROI_5_18
GATCGGATAGAACCAT-1,1,13777,5281,4,12,4_12,12,True,ROI_4_12
GATCGGCGATAAGTCG-1,1,8788,5426,4,7,4_7,7,False,ROI_4_7
GATCGGTGGCCATAAC-1,1,10702,12795,11,9,11_9,20,True,ROI_11_9
GATCGTGACTGATATC-1,1,13079,13337,11,11,11_11,19,True,ROI_11_11
GATCTCGACGCTGTGG-1,1,15941,19612,17,14,17_14,15,True,ROI_17_14
GATCTGCTATCTAAGG-1,1,18776,11142,9,16,9_16,18,True,ROI_9_16
GATCTTGGAGGGCATA-1,1,14504,13061,11,12,11_12,16,True,ROI_11_12
GATCTTTGCAGGGTAT-1,1,12595,8696,7,11,7_11,20,True,ROI_7_11
GATCTTTGCTCAAAGA-1,1,6914,19902,17,6,17_6,22,True,ROI_17_6
GATGACAAGTAGGGCA-1,1,17582,8004,7,15,7_15,17,True,ROI_7_15
GATGACGATGATCGCG-1,1,8575,18943,16,7,16_7,16,True,ROI_16_7
GATGAGGAACCTTCGG-1,1,19970,14553,12,17,12_17,20,True,ROI_12_17
GATGCCAGCAGAAGGC-1,1,9502,5835,5,8,5_8,16,True,ROI_5_8
GATGCCTTCTGCGGCA-1,1,17815,5410,4,15,4_15,15,True,ROI_4_15
GATGCGTCCTGCATTC-1,1,12837,11290,9,11,9_11,22,True,ROI_9_11
GATGCTACAAGCGCCT-1,1,8085,10479,9,7,9_7,18,True,ROI_9_7
GATGCTACCTTCGATG-1,1,20677,11412,10,18,10_18,20,True,ROI_10_18
GATGCTGTATTTCATC-1,1,14267,13744,12,12,12_12,13,True,ROI_12_12
GATGGCGCACACATTA-1,1,8554,7475,6,7,6_7,22,True,ROI_6_7
GATGGTGAAATAACCC-1,1,5489,19631,17,4,17_4,7,False,ROI_17_4
GATGGTGCCCTAGGCA-1,1,6429,14168,12,5,12_5,20,True,ROI_12_5
GATGTAACGAACCACC-1,1,16154,6369,5,14,5_14,20,True,ROI_5_14
GATGTCCGGATCACAT-1,1,5706,8572,7,5,7_5,20,True,ROI_7_5
GATGTCGGTCAACTGC-1,1,6190,13486,11,5,11_5,20,True,ROI_11_5
GATGTGTTGTCACAAG-1,1,5479,14170,12,4,12_4,17,True,ROI_12_4
GATGTTCAATCCACGA-1,1,13784,9377,8,12,8_12,16,True,ROI_8_12
GATGTTTGTGCGAGAT-1,1,8792,7611,6,7,6_7,22,True,ROI_6_7
GATTAACCGAAAGCCC-1,1,17122,16197,14,15,14_15,16,True,ROI_14_15
GATTAATCCTGGCTCA-1,1,4991,7345,6,4,6_4,14,True,ROI_6_4
GATTACTGAATTTGGG-1,1,13783,8830,7,12,7_12,16,True,ROI_7_12
GATTCCCTTGTCGCAG-1,1,9989,12660,11,8,11_8,20,True,ROI_11_8
GATTCCGCGTTTCCGT-1,1,7854,13893,12,6,12_6,20,True,ROI_12_6
GATTCCTATACGGCGC-1,1,9978,6653,5,8,5_8,16,True,ROI_5_8
GATTCGACGGTTCACG-1,1,13791,13199,11,12,11_12,16,True,ROI_11_12
GATTCTGTTAATGAGT-1,1,21628,11956,10,19,10_19,8,True,ROI_10_19
GATTGACACTCTGCTC-1,1,5237,12123,10,4,10_4,22,True,ROI_10_4
GATTGCTCCAGTTGCA-1,1,19006,7183,6,16,6_16,16,True,ROI_6_16
GATTGGGAAAGGTTGT-1,1,19732,14417,12,17,12_17,20,True,ROI_12_17
GCAAACCCTACATTAT-1,1,15457,14698,13,13,13_13,19,True,ROI_13_13
GCAAACCTTGGCCATA-1,1,17591,12646,11,15,11_15,20,True,ROI_11_15
GCAAACGTCGCCAGGT-1,1,15228,19477,17,13,17_13,15,True,ROI_17_13
GCAAAGGGCGTTAGCC-1,1,19717,6226,5,17,5_17,23,True,ROI_5_17
GCAAATATTACGCTTT-1,1,12358,9106,8,10,8_10,20,True,ROI_8_10
GCAACACACTAGAACT-1,1,14965,5688,5,13,5_13,20,True,ROI_5_13
GCAACAGCAGTATGCG-1,1,14988,17975,15,13,15_13,20,True,ROI_15_13
GCAACCACCAGACCGG-1,1,7382,16078,14,6,14_6,20,True,ROI_14_6
GCAACCACGGCCGCGT-1,1,14256,7464,6,12,6_12,18,True,ROI_6_12
GCAACGGCTAGTTATG-1,1,14277,18932,16,12,16_12,20,True,ROI_16_12
GCAAGAATTCCTTGGC-1,1,14495,8420,7,12,7_12,16,True,ROI_7_12
GCAAGATGTGTTCGCG-1,1,6673,17854,15,5,15_5,20,True,ROI_15_5
GCAAGTGCACAGAGAA-1,1,9745,9247,8,8,8_8,16,True,ROI_8_8
GCAAGTGTAAAGCATG-1,1,19961,9638,8,17,8_17,20,True,ROI_8_17
GCAATTAGTCGCACCG-1,1,11429,20303,17,10,17_10,21,True,ROI_17_10
GCACAAACCCTAGATG-1,1,19480,6363,5,17,5_17,23,True,ROI_5_17
GCACAAACGAGGCGTG-1,1,14990,19068,16,13,16_13,20,True,ROI_16_13
GCACAACCTCGGGCGT-1,1,17814,4864,4,15,4_15,15,True,ROI_4_15
GCACAAGTGTCGGAAG-1,1,6425,12257,10,5,10_5,23,True,ROI_10_5
GCACACACTGGTAGCC-1,1,17360,16333,14,15,14_15,16,True,ROI_14_15
GCACACAGCTATTACC-1,1,21155,13049,11,18,11_18,20,True,ROI_11_18
GCACAGCACGGGCCGA-1,1,21148,9227,8,18,8_18,19,True,ROI_8_18
GCACCTAGGCGAGTCC-1,1,21401,17554,15,18,15_18,20,True,ROI_15_18
GCACGCCGATTCCCGC-1,1,21156,13868,12,18,12_18,20,True,ROI_12_18
GCACGTGGTTTACTTA-1,1,19264,17968,15,17,15_17,20,True,ROI_15_17
GCACTAGTCGCGCTAT-1,1,7133,9389,8,6,8_6,20,True,ROI_8_6
GCACTGCCTACCTTTA-1,1,19729,12779,11,17,11_17,20,True,ROI_11_17
GCACTGTGCAAATGTA-1,1,6180,8025,7,5,7_5,20,True,ROI_7_5
GCAGAAACGTAATCCA-1,1,5965,20176,17,5,17_5,23,True,ROI_17_5
GCAGACCCAGCACGTA-1,1,13324,17569,15,11,15_11,16,True,ROI_15_11
GCAGATCCATAAGACT-1,1,16170,15106,13,14,13_14,23,True,ROI_13_14
GCAGATTAGGGATATC-1,1,12838,11836,10,11,10_11,20,True,ROI_10_11
GCAGCACACAGCCCAG-1,1,13071,9241,8,11,8_11,20,True,ROI_8_11
GCAGCCTATATCACAT-1,1,12376,18936,16,10,16_10,20,True,ROI_16_10
GCAGCGGTGGGCATTA-1,1,5704,7753,6,5,6_5,22,True,ROI_6_5
GCAGCTATGGACAGGT-1,1,7150,18945,16,6,16_6,20,True,ROI_16_6
GCAGCTGTCAACGCAT-1,1,20922,15371,13,18,13_18,21,True,ROI_13_18
GCAGGAACTTAGATCT-1,1,16628,5549,4,14,4_14,15,True,ROI_4_14
GCAGGACTATAGAATA-1,1,12357,8560,7,10,7_10,20,True,ROI_7_10
GCAGGTAGAGTATGGT-1,1,8333,16349,14,7,14_7,16,True,ROI_14_7
GCAGTGTGGCTATAGG-1,1,18070,14830,13,15,13_15,19,True,ROI_13_15
GCAGTTCGATCCGAGC-1,1,17366,19609,17,15,17_15,8,True,ROI_17_15
GCATACGAGGTCTTTA-1,1,13064,5419,4,11,4_11,9,True,ROI_4_11
GCATAGAGCACTCAGG-1,1,12838,11563,10,11,10_11,20,True,ROI_10_11
GCATCCCTAACTTTGA-1,1,7845,9251,8,6,8_6,20,True,ROI_8_6
GCATCGGCCGTGTAGG-1,1,15700,17565,15,13,15_13,20,True,ROI_15_13
GCATGAGGGACGCGGC-1,1,11183,15798,13,9,13_9,23,True,ROI_13_9
GCATGCTAATAACGAT-1,1,19973,16465,14,17,14_17,20,True,ROI_14_17
GCATTCAAGGCAACGC-1,1,10712,18256,16,9,16_9,20,True,ROI_16_9
GCATTCGAAATGAACA-1,1,10689,5423,4,9,4_9,8,True,ROI_4_9
GCATTGTAATTCATAT-1,1,13779,6373,5,12,5_12,16,True,ROI_5_12
GCATTTCCAAGGCTCC-1,1,11901,18664,16,10,16_10,20,True,ROI_16_10
GCCAACCATTTCCGGA-1,1,10237,17984,15,9,15_9,20,True,ROI_15_9
GCCAAGAATACTTCTG-1,1,14964,4869,4,13,4_13,15,True,ROI_4_13
GCCAATAGGGCATCTC-1,1,9998,17575,15,8,15_8,20,True,ROI_15_8
GCCACAATTTAAGGAC-1,1,14733,8829,7,13,7_13,20,True,ROI_7_13
GCCACTCAGAGCGCGA-1,1,18073,16468,14,16,14_16,20,True,ROI_14_16
GCCACTCCTTACGGTA-1,1,17129,19746,17,15,17_15,8,True,ROI_17_15
GCCAGGAAAGAACACT-1,1,20909,8271,7,18,7_18,16,True,ROI_7_18
GCCAGGAGTAACCGAT-1,1,9045,15665,13,8,13_8,22,True,ROI_13_8
GCCAGGCGTTCGCATG-1,1,6194,15671,13,5,13_5,22,True,ROI_13_5
GCCATATTGCACACAG-1,1,9282,15801,13,8,13_8,22,True,ROI_13_8
GCCATCGATGCTGCAT-1,1,11663,18528,16,10,16_10,20,True,ROI_16_10
GCCATTAGCCTCAAAC-1,1,17102,5275,4,15,4_15,15,True,ROI_4_15
GCCCACCAAGGCTGTC-1,1,6894,8707,7,6,7_6,20,True,ROI_7_6
GCCCAGATGCTGGAGA-1,1,12853,20027,17,11,17_11,13,True,ROI_17_11
GCCCAGTTGGTATGCC-1,1,9269,8702,7,8,7_8,16,True,ROI_7_8
GCCCGACTTCTTCCCG-1,1,15680,6916,6,13,6_13,22,True,ROI_6_13
GCCCGAGAGTCTAAAT-1,1,18764,4862,4,16,4_16,14,True,ROI_4_16
GCCCGATCTGTGGTCG-1,1,16640,12102,10,14,10_14,10,True,ROI_10_14
GCCCGCGCGTAAACGG-1,1,15684,9100,8,13,8_13,18,True,ROI_8_13
GCCCGCGCGTTTGACA-1,1,8795,8976,7,7,7_7,20,True,ROI_7_7
GCCCGTAATACCTTCT-1,1,10467,14298,12,9,12_9,20,True,ROI_12_9
GCCCTAGCCGTCGCGA-1,1,16866,5685,5,14,5_14,20,True,ROI_5_14
GCCCTGAGGATGGGCT-1,1,20206,13597,12,17,12_17,20,True,ROI_12_17
GCCGAAATTCCTACGT-1,1,12359,9652,8,10,8_10,20,True,ROI_8_10
GCCGACCCACGACTGC-1,1,18769,7593,6,16,6_16,16,True,ROI_6_16
GCCGATTGGCCAAGCT-1,1,13789,11834,10,12,10_12,16,True,ROI_10_12
GCCGCTTGTGAGAAAC-1,1,12596,8969,7,11,7_11,20,True,ROI_7_11
GCCGGAAACACATCTT-1,1,4760,10758,9,4,9_4,18,True,ROI_9_4
GCCGGGTTAGGGTCGC-1,1,13788,11561,10,12,10_12,16,True,ROI_10_12
GCCGGTCGTATCTCTC-1,1,20676,10866,9,18,9_18,23,True,ROI_9_18
GCCGTCGGTTTCGGGC-1,1,20910,9090,8,18,8_18,19,True,ROI_8_18
GCCGTGGAAGAAATGT-1,1,13327,19207,17,11,17_11,13,True,ROI_17_11
GCCTACGTTCTGTGCA-1,1,20208,14689,13,17,13_17,23,True,ROI_13_17
GCCTAGCGATCTGACC-1,1,8795,9249,8,7,8_7,20,True,ROI_8_7
GCCTATAGTGTCAGGG-1,1,10945,15935,14,9,14_9,20,True,ROI_14_9
GCCTATGCTGGGCCTT-1,1,8338,19080,16,7,16_7,16,True,ROI_16_7
GCCTATTCCGATATAG-1,1,9742,7609,6,8,6_8,18,True,ROI_6_8
GCCTATTTGCTACACA-1,1,5947,10347,9,5,9_5,20,True,ROI_9_5
GCCTCATCTGGAAATA-1,1,13797,16476,14,12,14_12,20,True,ROI_14_12
GCCTCCGACAATTCAC-1,1,18311,16877,14,16,14_16,20,True,ROI_14_16
GCCTCTATACATAGCA-1,1,17118,13739,12,15,12_15,20,True,ROI_12_15
GCCTGCTACACTGAGA-1,1,5961,17992,15,5,15_5,20,True,ROI_15_5
GCCTGTCCCGGTGCAT-1,1,21391,12093,10,18,10_18,20,True,ROI_10_18
GCCTTCAGCCCTACCG-1,1,7847,10343,9,6,9_6,20,True,ROI_9_6
GCCTTGTATATGCAGT-1,1,8076,5564,4,7,4_7,7,False,ROI_4_7
GCCTTTGTCAGTGGAC-1,1,19240,4861,4,17,4_17,20,True,ROI_4_17
GCGAAACGATCGGGAG-1,1,16887,17153,15,14,15_14,20,True,ROI_15_14
GCGAAGAATCTGACGG-1,1,19733,14963,13,17,13_17,23,True,ROI_13_17
GCGAAGCCATACCCGT-1,1,11413,11838,10,10,10_10,20,True,ROI_10_10
GCGAATGGACTAGCGA-1,1,21868,13458,11,19,11_19,8,True,ROI_11_19
GCGACATGTAAACATC-1,1,12850,18116,16,11,16_11,16,True,ROI_16_11
GCGACCCAACCATCTG-1,1,18058,8004,7,15,7_15,17,True,ROI_7_15
GCGACGATAGTTGTAC-1,1,15450,10875,9,13,9_13,21,True,ROI_9_13
GCGACGGTAGTCTCCT-1,1,21393,13185,11,18,11_18,20,True,ROI_11_18
GCGAGAAACGGGAGTT-1,1,7125,5293,4,6,4_6,9,True,ROI_4_6
GCGAGAGGCCATGTAA-1,1,9051,18942,16,8,16_8,20,True,ROI_16_8
GCGAGAGTTGCGTCCA-1,1,11900,18118,16,10,16_10,20,True,ROI_16_10
GCGAGCGCATGCTCCC-1,1,12850,18389,16,11,16_11,16,True,ROI_16_11
GCGAGGCCCGAGCAGA-1,1,12835,9924,8,11,8_11,20,True,ROI_8_11
GCGAGTTCTGCAAAGA-1,1,12364,12110,10,10,10_10,20,True,ROI_10_10
GCGATTCTGGAAGCAG-1,1,6428,13622,12,5,12_5,20,True,ROI_12_5
GCGATTGTTAACGTTA-1,1,12842,14020,12,11,12_11,16,True,ROI_12_11
GCGCAAATATATTCAA-1,1,17819,7321,6,15,6_15,20,True,ROI_6_15
GCGCAAGAGCGCGCTG-1,1,13561,17159,15,12,15_12,20,True,ROI_15_12
GCGCATCCAGTCAGCA-1,1,10946,16481,14,9,14_9,20,True,ROI_14_9
GCGCCGTTCCACGATA-1,1,13790,12380,10,12,10_12,16,True,ROI_10_12
GCGCCTCCCACTCCGA-1,1,15464,18521,16,13,16_13,20,True,ROI_16_13
GCGCGGTCTAGTAACT-1,1,20202,11686,10,17,10_17,20,True,ROI_10_17
GCGCGTCATTGGTACA-1,1,17595,14831,13,15,13_15,19,True,ROI_13_15
GCGCTAATTGAATAGA-1,1,12128,13066,11,10,11_10,20,True,ROI_11_10
GCGCTATGCCGAGGCA-1,1,14260,9922,8,12,8_12,16,True,ROI_8_12
GCGCTGATCCAGACTC-1,1,8094,15394,13,7,13_7,18,True,ROI_13_7
GCGCTGCTTTGCATTT-1,1,10709,16345,14,9,14_9,20,True,ROI_14_9
GCGCTTAAATAATTGG-1,1,17596,15650,13,15,13_15,19,True,ROI_13_15
GCGGAGAAACTTCGCA-1,1,17107,8005,7,15,7_15,17,True,ROI_7_15
GCGGATTACTTGTTCT-1,1,21640,18509,16,19,16_19,13,True,ROI_16_19
GCGGCAAAGTATTGCC-1,1,18056,7184,6,15,6_15,20,True,ROI_6_15
GCGGCTCTGACGTACC-1,1,13070,8695,7,11,7_11,20,True,ROI_7_11
GCGGCTTTAGCAAGTT-1,1,20682,14142,12,18,12_18,20,True,ROI_12_18
GCGGGAACCAGGCCCT-1,1,8322,10069,8,7,8_7,20,True,ROI_8_7
GCGGGCAGACGGGTGA-1,1,21867,12911,11,19,11_19,8,True,ROI_11_19
GCGGGCATTACGATGC-1,1,11428,19757,17,10,17_10,21,True,ROI_17_10
GCGGTAACCCAAATGA-1,1,5702,6661,5,5,5_5,20,True,ROI_5_5
GCGGTCCCGGTGAAGG-1,1,8102,19763,17,7,17_7,17,True,ROI_17_7
GCGGTCCCTAGACGCA-1,1,7133,9662,8,6,8_6,20,True,ROI_8_6
GCGGTCTTGCTTTCAC-1,1,21158,14688,13,18,13_18,21,True,ROI_13_18
GCGGTGAACTGCGCTC-1,1,8808,16348,14,7,14_7,16,True,ROI_14_7
GCGGTTCCCTATCATG-1,1,15211,10193,9,13,9_13,21,True,ROI_9_13
GCGTAAATGGCCATAA-1,1,12136,17435,15,10,15_10,20,True,ROI_15_10
GCGTCCCTAAGACATA-1,1,19248,9230,8,17,8_17,20,True,ROI_8_17
GCGTCGAAATGTCGGT-1,1,8088,12391,10,7,10_7,18,True,ROI_10_7
GCGTCGCCAGGGTGAT-1,1,16877,11965,10,14,10_14,10,True,ROI_10_14
GCGTCGTAACATGGTC-1,1,21632,13868,12,19,12_19,7,False,ROI_12_19
GCGTCTCTGCATTGGG-1,1,13308,9104,8,11,8_11,20,True,ROI_8_11
GCGTGGTACTGGGTTA-1,1,12372,16478,14,10,14_10,20,True,ROI_14_10
GCGTGTATGTCGTATT-1,1,4762,11851,10,4,10_4,22,True,ROI_10_4
GCGTTCGGAGACCGGG-1,1,8573,17578,15,7,15_7,16,True,ROI_15_7
GCTAAACCTGAGGTGA-1,1,9503,6654,5,8,5_8,16,True,ROI_5_8
GCTAACTGAAGTCTGA-1,1,17834,15513,13,15,13_15,19,True,ROI_13_15
GCTAAGCCCAGTATGC-1,1,21640,18236,16,19,16_19,13,True,ROI_16_19
GCTAAGTAAAGGCGAT-1,1,10451,5287,4,9,4_9,8,True,ROI_4_9
GCTAAGTAGTTTCTCT-1,1,12130,14431,12,10,12_10,20,True,ROI_12_10
GCTAATACCGAATGCC-1,1,9034,9931,8,7,8_7,20,True,ROI_8_7
GCTACAATCGAGGATA-1,1,18788,17695,15,16,15_16,20,True,ROI_15_16
GCTACAGTACGGACCG-1,1,13539,5418,4,11,4_11,9,True,ROI_4_11
GCTACGACTTATTGGG-1,1,14266,12925,11,12,11_12,16,True,ROI_11_12
GCTACTATAGTAGAGT-1,1,15935,16335,14,14,14_14,20,True,ROI_14_14
GCTAGACCGTCTACTG-1,1,14037,17704,15,12,15_12,20,True,ROI_15_12
GCTAGAGTAGAGATGT-1,1,17361,16606,14,15,14_15,16,True,ROI_14_15
GCTAGCAGGGAGTGGG-1,1,7622,17306,15,6,15_6,20,True,ROI_15_6
GCTAGCGATAGGTCTT-1,1,19718,6772,5,17,5_17,23,True,ROI_5_17
GCTAGGCACCACGGAG-1,1,16883,14968,13,14,13_14,23,True,ROI_13_14
GCTAGTAGAGCTTGTA-1,1,13314,12381,10,11,10_11,20,True,ROI_10_11
GCTAGTTTCATTGAGG-1,1,8081,8568,7,7,7_7,20,True,ROI_7_7
GCTATAAGGGCCAGGA-1,1,21877,18372,16,19,16_19,13,True,ROI_16_19
GCTATACGTCTCGGAC-1,1,16408,15515,13,14,13_14,23,True,ROI_13_14
GCTATCATACTCATGG-1,1,16881,14149,12,14,12_14,20,True,ROI_12_14
GCTATCGCGGCGCAAC-1,1,8791,6792,6,7,6_7,22,True,ROI_6_7
GCTCAATGTAATACCG-1,1,18776,11415,10,16,10_16,16,True,ROI_10_16
GCTCATTACTGCATGT-1,1,7145,16215,14,6,14_6,20,True,ROI_14_6
GCTCCATGCAAAGCAA-1,1,20439,11003,9,18,9_18,23,True,ROI_9_18
GCTCCCAGTCGGTCCA-1,1,14276,18386,16,12,16_12,20,True,ROI_16_12
GCTCCGCTCGCTTCAG-1,1,14039,18796,16,12,16_12,20,True,ROI_16_12
GCTCCTGACATACTGG-1,1,17345,7868,6,15,6_15,20,True,ROI_6_15
GCTCGCTCATGTCCAA-1,1,13798,17022,15,12,15_12,20,True,ROI_15_12
GCTCGGAATTTAAAGC-1,1,9281,14982,13,8,13_8,22,True,ROI_13_8
GCTCTAAACCCTGACG-1,1,9749,11432,10,8,10_8,23,True,ROI_10_8
GCTCTATGTTACGTGC-1,1,10220,8974,7,9,7_9,20,True,ROI_7_9
GCTCTCGGGTACCGAA-1,1,10225,11431,10,9,10_9,20,True,ROI_10_9
GCTCTTTCCGCTAGTG-1,1,19251,10868,9,17,9_17,22,True,ROI_9_17
GCTGAACTCTCCAGGG-1,1,13566,19889,17,12,17_12,15,True,ROI_17_12
GCTGAATCTTCCAATC-1,1,18055,6638,5,15,5_15,22,True,ROI_5_15
GCTGAGGCGTGAGTAT-1,1,13552,12244,10,11,10_11,20,True,ROI_10_11
GCTGCACGGTTTCTTA-1,1,13792,13472,11,12,11_12,16,True,ROI_11_12
GCTGCTAAGTAGTCGA-1,1,17351,11145,9,15,9_15,14,True,ROI_9_15
GCTGCTACTGCGTAGC-1,1,16168,13741,12,14,12_14,20,True,ROI_12_14
GCTGCTCTCCGGACAC-1,1,11414,12111,10,10,10_10,20,True,ROI_10_10
GCTGGACCCAAAGTGG-1,1,7386,17989,15,6,15_6,20,True,ROI_15_6
GCTGGCATATTCACCT-1,1,11406,7743,6,10,6_10,22,True,ROI_6_10
GCTGGCGGCGCATGCT-1,1,16878,12238,10,14,10_14,10,True,ROI_10_14
GCTGGTGACTCGTAGT-1,1,6676,19492,17,5,17_5,23,True,ROI_17_5
GCTGGTTTAGGCCATA-1,1,18290,5409,4,16,4_16,14,True,ROI_4_16
GCTGTATTACTGGCCC-1,1,14971,8692,7,13,7_13,20,True,ROI_7_13
GCTGTTGCTACCGAAC-1,1,13322,16477,14,11,14_11,16,True,ROI_14_11
GCTTAATGTAACTAAC-1,1,14032,14974,13,12,13_12,17,True,ROI_13_12
GCTTACGTAGTTAGTA-1,1,12614,18799,16,11,16_11,16,True,ROI_16_11
GCTTATGAAGCAGGAA-1,1,12370,15659,13,10,13_10,22,True,ROI_13_10
GCTTCAGTGGGATTAC-1,1,5725,18948,16,5,16_5,20,True,ROI_16_5
GCTTCCAGCTTAGATT-1,1,5938,5705,5,5,5_5,20,True,ROI_5_5
GCTTCCATGTAACCGC-1,1,21638,17417,15,19,15_19,9,True,ROI_15_19
GCTTCCCGTAAGCTCC-1,1,21874,16461,14,19,14_19,6,False,ROI_14_19
GCTTCCGTCCCTAGAC-1,1,10942,14024,12,9,12_9,20,True,ROI_12_9
GCTTCGACGTTCAATC-1,1,20429,5542,4,18,4_18,14,True,ROI_4_18
GCTTGAGTGACCTCTG-1,1,21403,18919,16,18,16_18,23,True,ROI_16_18
GCTTGATGATAATCAG-1,1,9269,8429,7,8,7_8,16,True,ROI_7_8
GCTTGCAGCACAATTG-1,1,8576,19489,17,7,17_7,17,True,ROI_17_7
GCTTGGATCGATTAGG-1,1,11422,16753,14,10,14_10,20,True,ROI_14_10
GCTTTACACAACTGGG-1,1,20691,19330,17,18,17_18,8,True,ROI_17_18
GCTTTCAGAGGAGGTG-1,1,11897,16479,14,10,14_10,20,True,ROI_14_10
GCTTTCTATCTCAACT-1,1,5251,19495,17,4,17_4,7,False,ROI_17_4
GGAAACCTTGTTGAAT-1,1,8811,17987,15,7,15_7,16,True,ROI_15_7
GGAAACTAAATGGGCC-1,1,18312,17423,15,16,15_16,20,True,ROI_15_16
GGAAAGGGAATTGAGC-1,1,21393,13458,11,18,11_18,20,True,ROI_11_18
GGAAAGTGCCCATGCC-1,1,8807,15802,13,7,13_7,18,True,ROI_13_7
GGAACCGTGTAAATTG-1,1,15686,9919,8,13,8_13,18,True,ROI_8_13
GGAACCTTGACTCTGC-1,1,18055,6365,5,15,5_15,22,True,ROI_5_15
GGAACGGCCTGCAGCC-1,1,9976,5561,4,8,4_8,4,False,ROI_4_8
GGAACTTTGGCGATTA-1,1,18314,18515,16,16,16_16,23,True,ROI_16_16
GGAAGCTCGCTTACAG-1,1,6668,14851,13,5,13_5,22,True,ROI_13_5
GGAAGGACACCGTATA-1,1,21396,14824,13,18,13_18,21,True,ROI_13_18
GGAATAACCTCAAGAA-1,1,5474,11713,10,4,10_4,22,True,ROI_10_4
GGAATGCGCTAGCGTG-1,1,11656,14705,13,10,13_10,22,True,ROI_13_10
GGACAACCATGAAGCC-1,1,20688,17419,15,18,15_18,20,True,ROI_15_18
GGACACAAGTTTACAC-1,1,15226,18658,16,13,16_13,20,True,ROI_16_13
GGACACCTCGGTGTTG-1,1,21866,12092,10,19,10_19,8,True,ROI_10_19
GGACCAACAGGATAAC-1,1,16166,12649,11,14,11_14,20,True,ROI_11_14
GGACCTACGGTAACGT-1,1,8099,18398,16,7,16_7,16,True,ROI_16_7
GGACCTCTAGGCCGCC-1,1,17819,7594,6,15,6_15,20,True,ROI_6_15
GGACGGCTTGCGCAAC-1,1,5722,17310,15,5,15_5,20,True,ROI_15_5
GGACGGGCGACCAACC-1,1,19979,19468,17,17,17_17,7,False,ROI_17_17
GGACGTCCATAGTTGG-1,1,7388,19355,17,6,17_6,22,True,ROI_17_6
GGACTCGACAGCGCAT-1,1,20199,9774,8,17,8_17,20,True,ROI_8_17
GGACTCGTGAGTGGTC-1,1,19247,8684,7,17,7_17,20,True,ROI_7_17
GGACTCTTTGACTAAG-1,1,20921,14824,13,18,13_18,21,True,ROI_13_18
GGAGAAGTCATTGGCA-1,1,9508,9111,8,8,8_8,16,True,ROI_8_8
GGAGACCAATGTGCTT-1,1,9289,19624,17,8,17_8,23,True,ROI_17_8
GGAGACGACACCTTTG-1,1,14265,12652,11,12,11_12,16,True,ROI_11_12
GGAGCAACATTTCAAG-1,1,17600,17561,15,15,15_15,16,True,ROI_15_15
GGAGCACCAAGAACTA-1,1,10231,14708,13,9,13_9,23,True,ROI_13_9
GGAGCGAGGCCTACTT-1,1,19967,12915,11,17,11_17,20,True,ROI_11_17
GGAGGATTGAAAGGAG-1,1,5715,13487,11,5,11_5,20,True,ROI_11_5
GGAGGCCGAAGTCGTC-1,1,13565,19343,17,12,17_12,15,True,ROI_17_12
GGAGGGCTTGGTTGGC-1,1,11655,14159,12,10,12_10,20,True,ROI_12_10
GGAGGGTCAAGTAAGA-1,1,18790,19061,16,16,16_16,23,True,ROI_16_16
GGAGTGCCGCCCTGGA-1,1,8560,10751,9,7,9_7,18,True,ROI_9_7
GGAGTTGATTCTGTGT-1,1,20215,18785,16,17,16_17,22,True,ROI_16_17
GGATACTCATGAATTG-1,1,6183,9664,8,5,8_5,20,True,ROI_8_5
GGATCAAAGGACGAGG-1,1,5472,10620,9,4,9_4,18,True,ROI_9_4
GGATCATCCCGTACGC-1,1,8097,17305,15,7,15_7,16,True,ROI_15_7
GGATCCCTACCAGCTA-1,1,5937,5159,4,5,4_5,12,True,ROI_4_5
GGATCCGGAATATACT-1,1,12131,14704,13,10,13_10,22,True,ROI_13_10
GGATCTTACTGCCCTT-1,1,19483,8274,7,17,7_17,20,True,ROI_7_17
GGATCTTGACTCAACC-1,1,16153,5823,5,14,5_14,20,True,ROI_5_14
GGATGAAGATCGCTGA-1,1,14034,16339,14,12,14_12,20,True,ROI_14_12
GGATGACGCGAGTTTA-1,1,12834,9651,8,11,8_11,20,True,ROI_8_11
GGATGCTGGCGTTCCT-1,1,13303,6101,5,11,5_11,19,True,ROI_5_11
GGATGGCTTGAAGTAT-1,1,20212,16874,14,17,14_17,20,True,ROI_14_17
GGATGTCCTTACCGCA-1,1,12371,15932,14,10,14_10,20,True,ROI_14_10
GGATTAAGCTAAGGTC-1,1,5718,15398,13,5,13_5,22,True,ROI_13_5
GGATTAATCATGGACC-1,1,20919,13732,12,18,12_18,20,True,ROI_12_18
GGATTCAGTACGGTGG-1,1,8555,8021,7,7,7_7,20,True,ROI_7_7
GGATTCCGCTATACCC-1,1,8567,14574,12,7,12_7,16,True,ROI_12_7
GGATTGCTGTGACTCC-1,1,18308,14966,13,16,13_16,21,True,ROI_13_16
GGATTTCACTTCTATA-1,1,11419,14842,13,10,13_10,22,True,ROI_13_10
GGCAAAGGCGCCAATA-1,1,16870,8142,7,14,7_14,9,True,ROI_7_14
GGCAAATTACTTTACT-1,1,13787,10742,9,12,9_12,18,True,ROI_9_12
GGCAAGCCAGGGATAG-1,1,8102,20036,17,7,17_7,17,True,ROI_17_7
GGCAAGCCCATAGTGG-1,1,19965,11823,10,17,10_17,20,True,ROI_10_17
GGCAAGGCGAAATAGC-1,1,14741,12924,11,13,11_13,12,True,ROI_11_13
GGCAATAGTCAATGAG-1,1,11178,13068,11,9,11_9,20,True,ROI_11_9
GGCACGCTGCTACAGT-1,1,21165,18783,16,18,16_18,23,True,ROI_16_18
GGCACTCCACTGGGCA-1,1,12122,9789,8,10,8_10,20,True,ROI_8_10
GGCACTGCGGTGGTTT-1,1,20690,18511,16,18,16_18,23,True,ROI_16_18
GGCAGCAAACCTATGC-1,1,16175,17564,15,14,15_14,20,True,ROI_15_14
GGCAGCGGTAATCCTA-1,1,7384,17170,15,6,15_6,20,True,ROI_15_6
GGCATACAGGTAGCGG-1,1,12118,7878,6,10,6_10,22,True,ROI_6_10
GGCATATCGGTTCTGC-1,1,8093,14848,13,7,13_7,18,True,ROI_13_7
GGCATCAACGAGCACG-1,1,5234,10484,9,4,9_4,18,True,ROI_9_4
GGCATTGAACATCTCA-1,1,21627,11410,10,19,10_19,8,True,ROI_10_19
GGCCAATTGTATAGAC-1,1,21637,16871,14,19,14_19,6,False,ROI_14_19
GGCCCAATCTAGAGGG-1,1,5726,19494,17,5,17_5,23,True,ROI_17_5
GGCCCAGCTGGTTTGC-1,1,20681,13596,12,18,12_18,20,True,ROI_12_18
GGCCCAGTTATCAGCA-1,1,6913,19355,17,6,17_6,22,True,ROI_17_6
GGCCCGGAGCATGTCT-1,1,12378,19755,17,10,17_10,21,True,ROI_17_10
GGCCCGTATACCATGC-1,1,10477,19758,17,9,17_9,22,True,ROI_17_9
GGCCCTCACCCACTTA-1,1,12829,6648,5,11,5_11,19,True,ROI_5_11
GGCCGAGACTCTGGTG-1,1,18770,7866,6,16,6_16,16,True,ROI_6_16
GGCCGCAGGAACCGCA-1,1,20216,19331,17,17,17_17,7,False,ROI_17_17
GGCCGGCGTCTGCTAT-1,1,19494,14281,12,17,12_17,20,True,ROI_12_17
GGCCGTTTGGGTTTCA-1,1,18061,9642,8,15,8_15,6,False,ROI_8_15
GGCCTGCTCTGATGTT-1,1,21153,12230,10,18,10_18,20,True,ROI_10_18
GGCCTGCTTCTCCCGA-1,1,18078,18925,16,16,16_16,23,True,ROI_16_16
GGCGAAATCTAACTTG-1,1,14270,15383,13,12,13_12,17,True,ROI_13_12
GGCGCAGGACATCTTC-1,1,12830,7194,6,11,6_11,23,True,ROI_6_11
GGCGCATGAATTGATG-1,1,14024,10878,9,12,9_12,18,True,ROI_9_12
GGCGCGGAGATCTTTC-1,1,17833,15240,13,15,13_15,19,True,ROI_13_15
GGCGCGTTCGAGTTTA-1,1,15213,11558,10,13,10_13,16,True,ROI_10_13
GGCGCTCCTCATCAAT-1,1,8077,6110,5,7,5_7,20,True,ROI_5_7
GGCGCTTCATTCCCTG-1,1,19967,13188,11,17,11_17,20,True,ROI_11_17
GGCGGAGTAATATTAG-1,1,11647,9790,8,10,8_10,20,True,ROI_8_10
GGCGGTAGGATCATTG-1,1,11415,12931,11,10,11_10,20,True,ROI_11_10
GGCGTACCCTATATAA-1,1,4522,10622,9,4,9_4,18,True,ROI_9_4
GGCGTAGGGAAAGCTG-1,1,19258,14691,13,17,13_17,23,True,ROI_13_17
GGCGTCCTATCCGCTG-1,1,11406,8016,7,10,7_10,20,True,ROI_7_10
GGCTAAAGGGCGGGTC-1,1,8572,17031,15,7,15_7,16,True,ROI_15_7
GGCTAATGATTGAAAT-1,1,6675,18946,16,5,16_5,20,True,ROI_16_5
GGCTACTATACACTCC-1,1,19248,9503,8,17,8_17,20,True,ROI_8_17
GGCTATTAAGTTGTAT-1,1,11883,9107,8,10,8_10,20,True,ROI_8_10
GGCTCCTCCACCTGTT-1,1,18058,8277,7,15,7_15,17,True,ROI_7_15
GGCTCGCGTTGAGGTA-1,1,11421,16207,14,10,14_10,20,True,ROI_14_10
GGCTCGTGCCACCAGC-1,1,8794,8703,7,7,7_7,20,True,ROI_7_7
GGCTCTGCTCCAACGC-1,1,10228,13342,11,9,11_9,20,True,ROI_11_9
GGCTGAAATAGCAAAG-1,1,15694,14288,12,13,12_13,9,True,ROI_12_13
GGCTGAGCATCGTAAG-1,1,6196,17036,15,5,15_5,20,True,ROI_15_5
GGCTGGCTAGCTTAAA-1,1,6654,7478,6,5,6_5,22,True,ROI_6_5
GGCTTTCAATAAGGGT-1,1,18302,11962,10,16,10_16,16,True,ROI_10_16
GGGAAAGAATGCCAAC-1,1,20689,18238,16,18,16_18,23,True,ROI_16_18
GGGAACGGGAGGTTAG-1,1,13308,8558,7,11,7_11,20,True,ROI_7_11
GGGAACGGTTTCAGAT-1,1,19245,7865,6,17,6_17,20,True,ROI_6_17
GGGAAGACGGTCTGTC-1,1,19256,13872,12,17,12_17,20,True,ROI_12_17
GGGAAGGGCTTTCTCA-1,1,19021,15374,13,16,13_16,21,True,ROI_13_16
GGGAATGAGCCCTCAC-1,1,8574,18124,16,7,16_7,16,True,ROI_16_7
GGGACAGAGTTACTCC-1,1,17579,6093,5,15,5_15,22,True,ROI_5_15
GGGACCCGTATATCTT-1,1,17587,10735,9,15,9_15,14,True,ROI_9_15
GGGACTGCATAGATAG-1,1,11650,11701,10,10,10_10,20,True,ROI_10_10
GGGAGAACTCACAGTA-1,1,11651,12247,10,10,10_10,20,True,ROI_10_10
GGGAGCGACCGTAGTG-1,1,20209,15235,13,17,13_17,23,True,ROI_13_17
GGGAGGATGCCCGAAA-1,1,12836,10471,9,11,9_11,22,True,ROI_9_11
GGGAGTAATGGCTGGC-1,1,6420,9254,8,5,8_5,20,True,ROI_8_5
GGGAGTTAATGAGGCG-1,1,11892,13749,12,10,12_10,20,True,ROI_12_10
GGGATCCCAATACAAA-1,1,8340,19899,17,7,17_7,17,True,ROI_17_7
GGGATGGTCGTAACCG-1,1,15209,9374,8,13,8_13,18,True,ROI_8_13
GGGATTTACCGCACCT-1,1,14033,15793,13,12,13_12,17,True,ROI_13_12
GGGCAACCGCACGTGC-1,1,17104,6094,5,15,5_15,22,True,ROI_5_15
GGGCACGTAGTACTGT-1,1,20674,10047,8,18,8_18,19,True,ROI_8_18
GGGCAGAGCAATCGTT-1,1,17827,11690,10,15,10_15,20,True,ROI_10_15
GGGCAGTCAACGCCAA-1,1,20445,14279,12,18,12_18,20,True,ROI_12_18
GGGCATGCATGTCGAG-1,1,21389,11001,9,18,9_18,23,True,ROI_9_18
GGGCCATTCGTGCTGG-1,1,20427,4450,3,18,3_18,4,False,ROI_3_18
GGGCCCGTCTTAAACA-1,1,14024,10605,9,12,9_12,18,True,ROI_9_12
GGGCCCTACGAAAGGG-1,1,13065,5692,5,11,5_11,19,True,ROI_5_11
GGGCCGGCCGAAGTAC-1,1,12607,14976,13,11,13_11,13,True,ROI_13_11
GGGCCTATTTAAGTAT-1,1,7151,19492,17,6,17_6,22,True,ROI_17_6
GGGCGATATGTGTGAA-1,1,10700,11430,10,9,10_9,20,True,ROI_10_9
GGGCGCAGCGTTACTC-1,1,12140,19892,17,10,17_10,21,True,ROI_17_10
GGGCGGGTTCCCTACG-1,1,14258,8557,7,12,7_12,16,True,ROI_7_12
GGGCGGTCCTATTGTC-1,1,7366,7340,6,6,6_6,23,True,ROI_6_6
GGGCGTACATTTATAT-1,1,9748,10886,9,8,9_8,18,True,ROI_9_8
GGGCGTCACCACGTAA-1,1,15449,10329,9,13,9_13,21,True,ROI_9_13
GGGCGTCCACTGGCTC-1,1,7856,14985,13,6,13_6,23,True,ROI_13_6
GGGCGTGGTTTCCCAG-1,1,18545,14556,12,16,12_16,16,True,ROI_12_16
GGGCGTTTACATTCAT-1,1,19719,7045,6,17,6_17,20,True,ROI_6_17
GGGCTCATCGAACCCA-1,1,9995,15664,13,8,13_8,22,True,ROI_13_8
GGGCTGCCTAGGGCGA-1,1,11890,12930,11,10,11_10,20,True,ROI_11_10
GGGCTGGTTAGTCGCG-1,1,11411,10473,9,10,9_10,23,True,ROI_9_10
GGGTAATGCTGTGTTT-1,1,6177,6387,5,5,5_5,20,True,ROI_5_5
GGGTACCCACGGTCCT-1,1,7366,7067,6,6,6_6,23,True,ROI_6_6
GGGTACTTCATGAACT-1,1,12833,8832,7,11,7_11,20,True,ROI_7_11
GGGTATGTATGCACTT-1,1,10692,7334,6,9,6_9,23,True,ROI_6_9
GGGTATTCTAGCAAAC-1,1,17103,5548,4,15,4_15,15,True,ROI_4_15
GGGTCACCGTGACGGT-1,1,12360,9925,8,10,8_10,20,True,ROI_8_10
GGGTCAGGAGCTAGAT-1,1,19488,11004,9,17,9_17,22,True,ROI_9_17
GGGTCATGCGTACCAT-1,1,9263,5426,4,8,4_8,4,False,ROI_4_8
GGGTCCTTGGAAGAAG-1,1,20903,4995,4,18,4_18,14,True,ROI_4_18
GGGTCGTGGCAAGTGT-1,1,9999,18121,16,8,16_8,20,True,ROI_16_8
GGGTCTATCGCTTTCC-1,1,19028,18924,16,16,16_16,23,True,ROI_16_16
GGGTGACACCTTAACT-1,1,14975,11149,9,13,9_13,21,True,ROI_9_13
GGGTGCATATGAAAGC-1,1,11188,18802,16,9,16_9,20,True,ROI_16_9
GGGTGGTCCAGCCTGT-1,1,5714,12941,11,5,11_5,20,True,ROI_11_5
GGGTGTTTCAGCTATG-1,1,7852,12801,11,6,11_6,20,True,ROI_11_6
GGGTTCAGACGAACAA-1,1,8552,6110,5,7,5_7,20,True,ROI_5_7
GGGTTTAGGATAGGAT-1,1,14275,18113,16,12,16_12,20,True,ROI_16_12
GGTAAACTCTGCGCTG-1,1,19741,19059,16,17,16_17,22,True,ROI_16_17
GGTAAATGTGCGTTAC-1,1,6667,14578,12,5,12_5,20,True,ROI_12_5
GGTAACCGGGAGGATA-1,1,17581,7185,6,15,6_15,20,True,ROI_6_15
GGTAACTATGTATCTG-1,1,6895,9526,8,6,8_6,20,True,ROI_8_6
GGTACAAACATGCTAT-1,1,13549,10879,9,11,9_11,22,True,ROI_9_11
GGTACACCAGATTTAT-1,1,10240,19622,17,9,17_9,22,True,ROI_17_9
GGTACATCTGGGACGA-1,1,13065,5965,5,11,5_11,19,True,ROI_5_11
GGTACCATTAAGACGG-1,1,10949,17846,15,9,15_9,20,True,ROI_15_9
GGTACGTTGCGGCCGG-1,1,19740,18786,16,17,16_17,22,True,ROI_16_17
GGTAGAAGACCGCCTG-1,1,16642,13194,11,14,11_14,20,True,ROI_11_14
GGTAGGCCAATATCAC-1,1,21626,10864,9,19,9_19,4,False,ROI_9_19
GGTAGTGCTCGCACCA-1,1,12128,13339,11,10,11_10,20,True,ROI_11_10
GGTATAGTGACACATA-1,1,12139,19073,16,10,16_10,20,True,ROI_16_10
GGTATTGCCGAGTTTA-1,1,11886,10745,9,10,9_10,23,True,ROI_9_10
GGTCAAGACTACTTCG-1,1,16650,17836,15,14,15_14,20,True,ROI_15_14
GGTCACGTTAGATTCA-1,1,5469,8709,7,4,7_4,8,True,ROI_7_4
GGTCAGTGGGTCCCAC-1,1,15452,11967,10,13,10_13,16,True,ROI_10_13
GGTCATTGTAGTCATA-1,1,7389,19901,17,6,17_6,22,True,ROI_17_6
GGTCGGATAAACGGCG-1,1,9522,16757,14,8,14_8,20,True,ROI_14_8
GGTCGGCCAGGAGCTT-1,1,11656,14978,13,10,13_10,22,True,ROI_13_10
GGTCGGTAATTAGACA-1,1,6893,8434,7,6,7_6,20,True,ROI_7_6
GGTCGTAAGCTCGCAC-1,1,15679,6097,5,13,5_13,20,True,ROI_5_13
GGTCTCCGTCCAGGTT-1,1,19025,17285,15,16,15_16,20,True,ROI_15_16
GGTCTCTGAATGGACT-1,1,16395,8143,7,14,7_14,9,True,ROI_7_14
GGTCTGAGAATCTGGA-1,1,11180,14433,12,9,12_9,20,True,ROI_12_9
GGTCTTGAGCGCTCTT-1,1,19491,12370,10,17,10_17,20,True,ROI_10_17
GGTGAAACCGGGAATG-1,1,5471,10074,8,4,8_4,7,False,ROI_8_4
GGTGAACGGGCTAGCC-1,1,5942,7889,6,5,6_5,22,True,ROI_6_5
GGTGAAGTACAGGGAT-1,1,15208,8555,7,13,7_13,20,True,ROI_7_13
GGTGAGATGCAGATAA-1,1,7844,8432,7,6,7_6,20,True,ROI_7_6
GGTGATAAGGAGCAGT-1,1,12843,14293,12,11,12_11,16,True,ROI_12_11
GGTGATTTCATCTTGT-1,1,6181,8844,7,5,7_5,20,True,ROI_7_5
GGTGCAGAGCCTATCG-1,1,6910,17717,15,6,15_6,20,True,ROI_15_6
GGTGCATAAATGATTA-1,1,19961,9911,8,17,8_17,20,True,ROI_8_17
GGTGCGGATAAGTGGC-1,1,7846,9797,8,6,8_6,20,True,ROI_8_6
GGTGCTGATCACAAAG-1,1,10453,6379,5,9,5_9,20,True,ROI_5_9
GGTGCTGGTACACATT-1,1,14022,9786,8,12,8_12,16,True,ROI_8_12
GGTGGACCACGTGTTA-1,1,5723,17856,15,5,15_5,20,True,ROI_15_5
GGTGGACTGCTCTGGC-1,1,17120,15104,13,15,13_15,19,True,ROI_13_15
GGTGTAAATCGATTGT-1,1,20441,12368,10,18,10_18,20,True,ROI_10_18
GGTGTAGGTAAGTAAA-1,1,20675,10320,9,18,9_18,23,True,ROI_9_18
GGTGTTCTGTTTCTAC-1,1,5006,15809,13,4,13_4,19,True,ROI_13_4
GGTTACCACCCTCGGG-1,1,14732,8010,7,13,7_13,20,True,ROI_7_13
GGTTACCCGACACTTT-1,1,11904,20302,17,10,17_10,21,True,ROI_17_10
GGTTAGCTATATGTCT-1,1,15220,15381,13,13,13_13,19,True,ROI_13_13
GGTTAGGCTTGGAGAA-1,1,10694,8427,7,9,7_9,20,True,ROI_7_9
GGTTAGTTACGGCGCC-1,1,10453,6652,5,9,5_9,20,True,ROI_5_9
GGTTCCCTAGTGTCTC-1,1,5727,20313,17,5,17_5,23,True,ROI_17_5
GGTTCGATGCTGAGTT-1,1,5012,18813,16,4,16_4,11,True,ROI_16_4
GGTTCGCATTTGCCGT-1,1,21876,17553,15,19,15_19,9,True,ROI_15_19
GGTTCTACTCGTCTGA-1,1,13324,17842,15,11,15_11,16,True,ROI_15_11
GGTTGTATCGTGAAAT-1,1,4284,10486,9,3,9_3,7,False,ROI_9_3
GGTTTAATTACCATCG-1,1,19009,8821,7,16,7_16,16,True,ROI_7_16
GGTTTAATTGAGCAGG-1,1,10239,19349,17,9,17_9,22,True,ROI_17_9
GGTTTACAATCTCAAT-1,1,9991,13479,11,8,11_8,20,True,ROI_11_8
GGTTTAGCCTTTCTTG-1,1,14987,17429,15,13,15_13,20,True,ROI_15_13
GGTTTCAATCGGTCAG-1,1,11896,15933,14,10,14_10,20,True,ROI_14_10
GGTTTGACAAGAAGCT-1,1,6912,18809,16,6,16_6,20,True,ROI_16_6
GGTTTGAGTGCTGGAA-1,1,6895,9253,8,6,8_6,20,True,ROI_8_6
GGTTTGCGAACACGTA-1,1,7628,20310,17,6,17_6,22,True,ROI_17_6
GGTTTGTGACCTGAGG-1,1,18551,17832,15,16,15_16,20,True,ROI_15_16
GTAACAACTGACCTTG-1,1,6677,19765,17,5,17_5,23,True,ROI_17_5
GTAACATCTAAGATAA-1,1,17364,18517,16,15,16_15,18,True,ROI_16_15
GTAACTGCCCAAGGAG-1,1,19724,9775,8,17,8_17,20,True,ROI_8_17
GTAACTTGCGGCAGTC-1,1,6419,8980,7,5,7_5,20,True,ROI_7_5
GTAAGCGGGCAGTCAG-1,1,9513,12115,10,8,10_8,23,True,ROI_10_8
GTAAGGATTTGTCGGA-1,1,6426,12803,11,5,11_5,20,True,ROI_11_5
GTAAGTAACAGTCTGG-1,1,13556,14701,13,12,13_12,17,True,ROI_13_12
GTAAGTAGGGTATACC-1,1,10219,8427,7,9,7_9,20,True,ROI_7_9
GTAAGTCCACACTCTA-1,1,14278,19752,17,12,17_12,15,True,ROI_17_12
GTAATAAAGGGCTCCC-1,1,11424,17572,15,10,15_10,20,True,ROI_15_10
GTACACTTACCTGAAG-1,1,12602,12246,10,11,10_11,20,True,ROI_10_11
GTACAGAGGCAAGGGT-1,1,12844,14839,13,11,13_11,13,True,ROI_13_11
GTACGACGGCGCTGCG-1,1,6891,7068,6,6,6_6,23,True,ROI_6_6
GTACGAGATTGCGACA-1,1,9037,11297,10,8,10_8,23,True,ROI_10_8
GTACGTCACGTATTAA-1,1,6674,18127,16,5,16_5,20,True,ROI_16_5
GTACGTTTGCCCGTCA-1,1,14503,12788,11,12,11_12,16,True,ROI_11_12
GTACTAAGATTTGGAG-1,1,10461,11021,9,9,9_9,22,True,ROI_9_9
GTACTCCCTTATCGCT-1,1,12593,7331,6,11,6_11,23,True,ROI_6_11
GTACTCCTGGGTATGC-1,1,10236,17438,15,9,15_9,20,True,ROI_15_9
GTACTGAGGTCGTAAC-1,1,6659,9936,8,5,8_5,20,True,ROI_8_5
GTACTGCATGAAGCGT-1,1,6657,8844,7,5,7_5,20,True,ROI_7_5
GTACTGGAGTTAGACC-1,1,11893,14568,12,10,12_10,20,True,ROI_12_10
GTACTTGGGCACTTCT-1,1,8080,8022,7,7,7_7,20,True,ROI_7_7
GTAGAAACGGGTGGAG-1,1,9739,5698,5,8,5_8,16,True,ROI_5_8
GTAGACAACCGATGAA-1,1,5710,11030,9,5,9_5,20,True,ROI_9_5
GTAGACACGCCTGACT-1,1,19016,12644,11,16,11_16,16,True,ROI_11_16
GTAGACGTCGTTACAT-1,1,7132,8843,7,6,7_6,20,True,ROI_7_6
GTAGAGGGAGACAAGT-1,1,16157,7734,6,14,6_14,23,True,ROI_6_14
GTAGCCAAACATGGGA-1,1,15929,13059,11,14,11_14,20,True,ROI_11_14
GTAGCGCTGTTGTAGT-1,1,5472,10347,9,4,9_4,18,True,ROI_9_4
GTAGCGGCTATACACT-1,1,13315,12927,11,11,11_11,19,True,ROI_11_11
GTAGCTAGTAAGCGCG-1,1,4529,14445,12,4,12_4,17,True,ROI_12_4
GTAGCTCCGGGAGGCT-1,1,19484,8547,7,17,7_17,20,True,ROI_7_17
GTAGCTTCCTCTTGTT-1,1,11420,15661,13,10,13_10,22,True,ROI_13_10
GTAGGTGATCCGTGTA-1,1,8092,14302,12,7,12_7,16,True,ROI_12_7
GTAGTCGCGGGAATCA-1,1,15694,14561,12,13,12_13,9,True,ROI_12_13
GTAGTCTACGATATTG-1,1,19019,14009,12,16,12_16,16,True,ROI_12_16
GTAGTGAGCAACCTCA-1,1,20453,18921,16,18,16_18,23,True,ROI_16_18
GTAGTTCGAAGGCGAA-1,1,19484,8820,7,17,7_17,20,True,ROI_7_17
GTATAATCTCCCGGAT-1,1,7362,5156,4,6,4_6,9,True,ROI_4_6
GTATAGGACTCAGTAG-1,1,8799,11434,10,7,10_7,18,True,ROI_10_7
GTATAGTGGCCCATGT-1,1,5007,16082,14,4,14_4,10,True,ROI_14_4
GTATATGTTACGGCGG-1,1,5464,6252,5,4,5_4,11,True,ROI_5_4
GTATCAAACGTTAGCT-1,1,17123,16743,14,15,14_15,16,True,ROI_14_15
GTATCAAGGTACTTCC-1,1,21155,13322,11,18,11_18,20,True,ROI_11_18
GTATCAGCTTGGGTTC-1,1,8793,8157,7,7,7_7,20,True,ROI_7_7
GTATCCTTTGGTAACC-1,1,19260,16056,14,17,14_17,20,True,ROI_14_17
GTATCGGGACGAGCTG-1,1,5225,5570,4,4,4_4,2,False,ROI_4_4
GTATCTCAGTCTTGAC-1,1,17817,6502,5,15,5_15,22,True,ROI_5_15
GTATCTCCCTAACTGT-1,1,4049,11715,10,3,10_3,9,True,ROI_10_3
GTATCTCGGGCGCTTT-1,1,20905,6087,5,18,5_18,17,True,ROI_5_18
GTATCTTGTTGCTCAC-1,1,4047,10896,9,3,9_3,7,False,ROI_9_3
GTATCTTTCATAACCA-1,1,14978,12514,11,13,11_13,12,True,ROI_11_13
GTATGAAATTTCACTC-1,1,16392,6505,5,14,5_14,20,True,ROI_5_14
GTATGACGTGGGAAAC-1,1,5704,7480,6,5,6_5,22,True,ROI_6_5
GTATGTGGGTCTAGTT-1,1,13084,16068,14,11,14_11,16,True,ROI_14_11
GTATTAAGGCGTCTAA-1,1,8791,7065,6,7,6_7,22,True,ROI_6_7
GTATTAGGGTTCGCGT-1,1,5724,18402,16,5,16_5,20,True,ROI_16_5
GTATTCTGAGAAACGA-1,1,15446,8691,7,13,7_13,20,True,ROI_7_13
GTATTCTTACCGTGCT-1,1,5702,6388,5,5,5_5,20,True,ROI_5_5
GTATTTAATGGCATAA-1,1,16416,19884,17,14,17_14,15,True,ROI_17_14
GTCAAAGAAGTGGTGT-1,1,17341,5957,5,15,5_15,22,True,ROI_5_15
GTCAAAGTTTACATAG-1,1,7129,7477,6,6,6_6,23,True,ROI_6_6
GTCAACCAGGCCTATA-1,1,19500,17558,15,17,15_17,20,True,ROI_15_17
GTCAAGCGGACTCGGG-1,1,13317,14019,12,11,12_11,16,True,ROI_12_11
GTCAATGCTATAATTT-1,1,9290,19897,17,8,17_8,23,True,ROI_17_8
GTCAATTGTACTGAAG-1,1,5233,9665,8,4,8_4,7,False,ROI_8_4
GTCACAAAGTTTCCAA-1,1,6187,11848,10,5,10_5,23,True,ROI_10_5
GTCACTCTCCAAATCT-1,1,9505,7746,6,8,6_8,18,True,ROI_6_8
GTCAGAATAGTCTATG-1,1,11168,7880,6,9,6_9,23,True,ROI_6_9
GTCAGTTGTGCTCGTT-1,1,6189,13213,11,5,11_5,20,True,ROI_11_5
GTCAGTTTGGTAGTCG-1,1,10926,5286,4,9,4_9,8,True,ROI_4_9
GTCATCTCCTACAGCT-1,1,6887,5157,4,6,4_6,9,True,ROI_4_6
GTCATGCACCTCCGTT-1,1,10938,11839,10,9,10_9,20,True,ROI_10_9
GTCATGCGCGAGGGCT-1,1,19262,16875,14,17,14_17,20,True,ROI_14_17
GTCATGGACATGACTA-1,1,10226,11977,10,9,10_9,20,True,ROI_10_9
GTCATTAGAGCGAACG-1,1,12840,12655,11,11,11_11,19,True,ROI_11_11
GTCCAATATTTAGCCT-1,1,19488,10731,9,17,9_17,22,True,ROI_9_17
GTCCAGGCACGTGTGC-1,1,20673,9500,8,18,8_18,19,True,ROI_8_18
GTCCATTACTGCTACG-1,1,14037,17977,15,12,15_12,20,True,ROI_15_12
GTCCCAACGTAAAGTA-1,1,11891,13476,11,10,11_10,20,True,ROI_11_10
GTCCCGCGACGTTATG-1,1,17832,14694,13,15,13_15,19,True,ROI_13_15
GTCCGGACCTGAAATT-1,1,16884,15515,13,14,13_14,23,True,ROI_13_14
GTCCGGCTGAATTGCG-1,1,10698,10611,9,9,9_9,22,True,ROI_9_9
GTCCGGGTTCACATTA-1,1,20443,13187,11,18,11_18,20,True,ROI_11_18
GTCCTACAGGCGGCTC-1,1,8314,5700,5,7,5_7,20,True,ROI_5_7
GTCCTACGAATAGTCT-1,1,16647,15925,14,14,14_14,20,True,ROI_14_14
GTCCTTCTAGTGGGTT-1,1,6430,14714,13,5,13_5,22,True,ROI_13_5
GTCCTTTAATGACTTC-1,1,5960,17719,15,5,15_5,20,True,ROI_15_5
GTCGAATTTGGGCGCT-1,1,20429,5815,5,18,5_18,17,True,ROI_5_18
GTCGCGTAACCCGTTG-1,1,13317,13746,12,11,12_11,16,True,ROI_12_11
GTCGGAAGGATACCAG-1,1,7151,19218,17,6,17_6,22,True,ROI_17_6
GTCGGATATCTCAGAC-1,1,11644,8425,7,10,7_10,20,True,ROI_7_10
GTCGGATGTAGCGCGC-1,1,8091,14029,12,7,12_7,16,True,ROI_12_7
GTCGGGAAGCAGAAAC-1,1,18066,12372,10,15,10_15,20,True,ROI_10_15
GTCGGGTGAAGTACCG-1,1,21166,19329,17,18,17_18,8,True,ROI_17_18
GTCGTACCATCTCGGG-1,1,14977,11968,10,13,10_13,16,True,ROI_10_13
GTCGTATTGGCGTACA-1,1,8571,16485,14,7,14_7,16,True,ROI_14_7
GTCGTCAATTATAAGG-1,1,6658,9663,8,5,8_5,20,True,ROI_8_5
GTCGTCTGGTTGGCTA-1,1,11191,20167,17,9,17_9,22,True,ROI_17_9
GTCGTGTCTGGTCATC-1,1,10713,18529,16,9,16_9,20,True,ROI_16_9
GTCTAGTGAGCCGCTT-1,1,19735,16055,14,17,14_17,20,True,ROI_14_17
GTCTATCTGAGTTTCT-1,1,13546,9240,8,11,8_11,20,True,ROI_8_11
GTCTATTGCATGCTCG-1,1,19501,17831,15,17,15_17,20,True,ROI_15_17
GTCTATTGGTTCCGGT-1,1,15934,15789,13,14,13_14,23,True,ROI_13_14
GTCTCAAGGCCCGGCT-1,1,18303,12508,11,16,11_16,16,True,ROI_11_16
GTCTCCCGAGTCCCGT-1,1,21165,18510,16,18,16_18,23,True,ROI_16_18
GTCTCCGCCTCAATAC-1,1,20915,11821,10,18,10_18,20,True,ROI_10_18
GTCTCCTGCCAGTATG-1,1,18053,5273,4,15,4_15,15,True,ROI_4_15
GTCTCGACTAAGTTTG-1,1,10000,18667,16,8,16_8,20,True,ROI_16_8
GTCTCGATCTGCTTTC-1,1,8805,14437,12,7,12_7,16,True,ROI_12_7
GTCTCGCCAACACGCC-1,1,4052,13354,11,3,11_3,7,False,ROI_11_3
GTCTGCCGACTCGACG-1,1,21397,15370,13,18,13_18,21,True,ROI_13_18
GTCTGGGCGGTCGAGA-1,1,14972,9511,8,13,8_13,18,True,ROI_8_13
GTCTTACCACGCCAAG-1,1,21641,19055,16,19,16_19,13,True,ROI_16_19
GTCTTAGTACAGCCGG-1,1,6904,14168,12,6,12_6,20,True,ROI_12_6
GTCTTGAGGAGCAGTG-1,1,13090,19344,17,11,17_11,13,True,ROI_17_11
GTCTTGTAGCTATTCA-1,1,14514,18795,16,12,16_12,20,True,ROI_16_12
GTGAAACGGCGCCACC-1,1,9757,15528,13,8,13_8,22,True,ROI_13_8
GTGAAACGTGCTCCAC-1,1,6656,8570,7,5,7_5,20,True,ROI_7_5
GTGAACTCCCATTCGA-1,1,11186,17709,15,9,15_9,20,True,ROI_15_9
GTGAAGATTTCAAGTG-1,1,9048,17577,15,8,15_8,20,True,ROI_15_8
GTGAAGCCGTATAGTC-1,1,9049,18123,16,8,16_8,20,True,ROI_16_8
GTGACAGCTTCCCACT-1,1,19256,13599,12,17,12_17,20,True,ROI_12_17
GTGACCGCACACTACG-1,1,13321,15931,14,11,14_11,16,True,ROI_14_11
GTGACGAGGGTGACCC-1,1,11664,19074,16,10,16_10,20,True,ROI_16_10
GTGACGCAGGTTTCAT-1,1,19493,13735,12,17,12_17,20,True,ROI_12_17
GTGACTTCAGTAGTGC-1,1,14974,10330,9,13,9_13,21,True,ROI_9_13
GTGAGATAACCTTATA-1,1,20435,9091,8,18,8_18,19,True,ROI_8_18
GTGAGCGTGCTGCACT-1,1,11879,6923,6,10,6_10,22,True,ROI_6_10
GTGAGGACACTTAAGG-1,1,13793,14018,12,12,12_12,13,True,ROI_12_12
GTGAGGAGCGGTTGAG-1,1,7144,15396,13,6,13_6,23,True,ROI_13_6
GTGAGTCGACTAATAG-1,1,20928,18920,16,18,16_18,23,True,ROI_16_18
GTGATCAAGCGTGCAC-1,1,19481,7182,6,17,6_17,20,True,ROI_6_17
GTGATCACTAACGCCT-1,1,15223,16746,14,13,14_13,20,True,ROI_14_13
GTGATCATAGATCTGC-1,1,14738,11286,9,13,9_13,21,True,ROI_9_13
GTGATCCTTGTCATGA-1,1,18783,14965,13,16,13_16,21,True,ROI_13_16
GTGATGCACAACATCT-1,1,6908,16625,14,6,14_6,20,True,ROI_14_6
GTGATTCGCCGCTCAA-1,1,15446,8964,7,13,7_13,20,True,ROI_7_13
GTGCAACAAATGTGGC-1,1,7375,11982,10,6,10_6,22,True,ROI_10_6
GTGCACCAGCTTCAAC-1,1,19726,10867,9,17,9_17,22,True,ROI_9_17
GTGCACGAAAGTGACT-1,1,8090,13210,11,7,11_7,16,True,ROI_11_7
GTGCCATCACACGGTG-1,1,14019,8147,7,12,7_12,16,True,ROI_7_12
GTGCCGCTTCAAAGGT-1,1,14497,9512,8,12,8_12,16,True,ROI_8_12
GTGCCTCAGTGTACGG-1,1,6670,16216,14,5,14_5,20,True,ROI_14_5
GTGCCTGAGACCAAAC-1,1,20447,15645,13,18,13_18,21,True,ROI_13_18
GTGCGAAATCGAACAC-1,1,14734,9375,8,13,8_13,18,True,ROI_8_13
GTGCGACAGGGAGTGT-1,1,12611,17161,15,11,15_11,16,True,ROI_15_11
GTGCGCAGCTTGCTCC-1,1,5230,8027,7,4,7_4,8,True,ROI_7_4
GTGCGGGACCATCGGC-1,1,5469,8982,7,4,7_4,8,True,ROI_7_4
GTGCGGGTCTCCAAAT-1,1,8799,11161,9,7,9_7,18,True,ROI_9_7
GTGCGTGTATATGAGC-1,1,13794,14838,13,12,13_12,17,True,ROI_13_12
GTGCTCAAGTACTGTC-1,1,12123,10608,9,10,9_10,23,True,ROI_9_10
GTGCTTACATCAGCGC-1,1,14990,19341,17,13,17_13,15,True,ROI_17_13
GTGGAACCTACATGCG-1,1,7617,14576,12,6,12_6,20,True,ROI_12_6
GTGGACCAACCCGATT-1,1,14731,7463,6,13,6_13,22,True,ROI_6_13
GTGGACGCATTTGTCC-1,1,17353,12237,10,15,10_15,20,True,ROI_10_15
GTGGACGTGCTGAGAC-1,1,8082,8841,7,7,7_7,20,True,ROI_7_7
GTGGAGCGTTTACCGA-1,1,17816,5683,5,15,5_15,22,True,ROI_5_15
GTGGCAAACAGCGGCA-1,1,15916,6233,5,14,5_14,20,True,ROI_5_14
GTGGCCGGTTTCTCGG-1,1,20190,4860,4,17,4_17,20,True,ROI_4_17
GTGGCGGGCCGTAGCT-1,1,4289,12944,11,3,11_3,7,False,ROI_11_3
GTGGCGGTCCCAGCGT-1,1,13541,6237,5,11,5_11,19,True,ROI_5_11
GTGGCTGTTTCTGTTC-1,1,20685,16054,14,18,14_18,20,True,ROI_14_18
GTGGGAACAAACCGGG-1,1,20912,9910,8,18,8_18,19,True,ROI_8_18
GTGGGAAGACTGAATC-1,1,14727,5552,4,13,4_13,15,True,ROI_4_13
GTGGGCTTAGACACAC-1,1,10932,8836,7,9,7_9,20,True,ROI_7_9
GTGGTCAGCGAAGTAT-1,1,5957,16081,14,5,14_5,20,True,ROI_14_5
GTGGTTACTTCTTTCG-1,1,11424,17845,15,10,15_10,20,True,ROI_15_10
GTGGTTTCCGCCTTTC-1,1,14019,7874,6,12,6_12,18,True,ROI_6_12
GTGTACCTTGGCTACG-1,1,10230,14161,12,9,12_9,20,True,ROI_12_9
GTGTATATCAGCGGGC-1,1,17831,13874,12,15,12_15,20,True,ROI_12_15
GTGTATGACTTTAAAG-1,1,5232,9119,8,4,8_4,7,False,ROI_8_4
GTGTCAGTGTACGTGG-1,1,20198,9228,8,17,8_17,20,True,ROI_8_17
GTGTCGTATAGCGTTC-1,1,16881,13876,12,14,12_14,20,True,ROI_12_14
GTGTCGTATTCACCTT-1,1,6201,19493,17,5,17_5,23,True,ROI_17_5
GTGTGAATAACTTAGG-1,1,11894,14841,13,10,13_10,22,True,ROI_13_10
GTGTTACTATGCGTCC-1,1,13792,13745,12,12,12_12,13,True,ROI_12_12
GTTAAAGTAGGACTGG-1,1,15695,14834,13,13,13_13,19,True,ROI_13_13
GTTAACATCACTTAAA-1,1,17117,13466,11,15,11_15,20,True,ROI_11_15
GTTAACTATGTTGTCA-1,1,14276,18659,16,12,16_12,20,True,ROI_16_12
GTTAAGGGTGCGATGT-1,1,18542,13191,11,16,11_16,16,True,ROI_11_16
GTTAAGTTAGAGTGGG-1,1,12615,19345,17,11,17_11,13,True,ROI_17_11
GTTACAATTGGTGACG-1,1,12831,8013,7,11,7_11,20,True,ROI_7_11
GTTACCTACAACTTGC-1,1,15215,12651,11,13,11_13,12,True,ROI_11_13
GTTACTTTGGGCCTAG-1,1,14261,10468,9,12,9_12,18,True,ROI_9_12
GTTAGAGTGTGCCGCT-1,1,5715,13760,12,5,12_5,20,True,ROI_12_5
GTTAGCCCATGACATC-1,1,19968,13734,12,17,12_17,20,True,ROI_12_17
GTTAGCCGTAAATCAA-1,1,11188,18528,16,9,16_9,20,True,ROI_16_9
GTTAGGCTACCCGTTT-1,1,16865,5412,4,14,4_14,15,True,ROI_4_14
GTTATAATACGGTGAA-1,1,16651,18109,16,14,16_14,20,True,ROI_16_14
GTTATATCAGGAGCCA-1,1,9526,19214,17,8,17_8,23,True,ROI_17_8
GTTATATTATCTCCCT-1,1,15450,11148,9,13,9_13,21,True,ROI_9_13
GTTATCAAGCTATCGA-1,1,20926,17555,15,18,15_18,20,True,ROI_15_18
GTTATCACCTTCTGAA-1,1,5474,11440,10,4,10_4,22,True,ROI_10_4
GTTATTAAATACGACC-1,1,4768,15127,13,4,13_4,19,True,ROI_13_4
GTTATTAACGTGGGAG-1,1,9264,5972,5,8,5_8,16,True,ROI_5_8
GTTCAATCTATGTCAA-1,1,5005,14990,13,4,13_4,19,True,ROI_13_4
GTTCACAGGAGTCTAG-1,1,11644,8152,7,10,7_10,20,True,ROI_7_10
GTTCAGTCGCCAAATG-1,1,20677,11685,10,18,10_18,20,True,ROI_10_18
GTTCATCGTTTGGCTG-1,1,11899,17845,15,10,15_10,20,True,ROI_15_10
GTTCCAAGACAGCGAC-1,1,4990,7072,6,4,6_4,14,True,ROI_6_4
GTTCCAGTCTGACCAT-1,1,8085,10752,9,7,9_7,18,True,ROI_9_7
GTTCCCGTAAACATAT-1,1,18079,19745,17,16,17_16,8,True,ROI_17_16
GTTCCGTCCGCCTGCA-1,1,20673,9227,8,18,8_18,19,True,ROI_8_18
GTTCGACAATTGTATA-1,1,20432,7180,6,18,6_18,8,True,ROI_6_18
GTTCGCCATAAGTGCC-1,1,12836,10744,9,11,9_11,22,True,ROI_9_11
GTTCGCTGAGACGTCT-1,1,16651,18382,16,14,16_14,20,True,ROI_16_14
GTTCGGAGCACTCAAC-1,1,19266,19060,16,17,16_17,22,True,ROI_16_17
GTTCGGATCGGGAACA-1,1,14513,18522,16,12,16_12,20,True,ROI_16_12
GTTCGGGCGTACCATT-1,1,11662,18255,16,10,16_10,20,True,ROI_16_10
GTTCGTCTAAAGAACT-1,1,16171,15652,13,14,13_14,23,True,ROI_13_14
GTTCGTCTGGGTCCCT-1,1,9052,19761,17,8,17_8,23,True,ROI_17_8
GTTCTTCCCTCGATGT-1,1,7610,10480,9,6,9_6,20,True,ROI_9_6
GTTCTTGTAACTCAAT-1,1,21865,11819,10,19,10_19,8,True,ROI_10_19
GTTGAACCGGTTCCAT-1,1,14021,8967,7,12,7_12,16,True,ROI_7_12
GTTGAGTCCCGCCGGT-1,1,16406,14150,12,14,12_14,20,True,ROI_12_14
GTTGCACGGAGTTTCG-1,1,9747,10067,8,8,8_8,16,True,ROI_8_8
GTTGCGCTAACATTAC-1,1,13803,19752,17,12,17_12,15,True,ROI_17_12
GTTGCGGACGGTCAGG-1,1,16654,19747,17,14,17_14,15,True,ROI_17_14
GTTGGACCGCATCAGG-1,1,8814,19352,17,7,17_7,17,True,ROI_17_7
GTTGGATTCAGTGGCT-1,1,7859,16623,14,6,14_6,20,True,ROI_14_6
GTTGGATTGAGAACAC-1,1,11657,15524,13,10,13_10,22,True,ROI_13_10
GTTGGATTTGCGTTGG-1,1,12598,10334,9,11,9_11,22,True,ROI_9_11
GTTGGTCATGCTATCC-1,1,17115,12101,10,15,10_15,20,True,ROI_10_15
GTTGTAGATTTATGAG-1,1,20916,12094,10,18,10_18,20,True,ROI_10_18
GTTGTCGTGTTAGTTG-1,1,7609,9934,8,6,8_6,20,True,ROI_8_6
GTTGTTACATTGCGCT-1,1,6914,19628,17,6,17_6,22,True,ROI_17_6
GTTTACGTTCCATCTG-1,1,15452,12241,10,13,10_13,16,True,ROI_10_13
GTTTCAAACGAGTTGT-1,1,18552,18378,16,16,16_16,23,True,ROI_16_16
GTTTCATATCGTCGCT-1,1,13305,7193,6,11,6_11,23,True,ROI_6_11
GTTTCCTGGAGGGTGA-1,1,9985,10203,9,8,9_8,18,True,ROI_9_8
GTTTCTAGAGGCGCGG-1,1,20448,16191,14,18,14_18,20,True,ROI_14_18
GTTTCTGCAGTCTCCC-1,1,13554,13336,11,12,11_12,16,True,ROI_11_12
GTTTGACCAAATCCTA-1,1,11175,11429,10,9,10_9,20,True,ROI_10_9
GTTTGGCCCAAGTTAT-1,1,14031,14428,12,12,12_12,13,True,ROI_12_12
GTTTGGCCGCTCAGCG-1,1,6892,7887,6,6,6_6,23,True,ROI_6_6
GTTTGGCGTCAGGCAC-1,1,5013,19359,17,4,17_4,7,False,ROI_17_4
GTTTGGGCTTGTGAGC-1,1,16165,12376,10,14,10_14,10,True,ROI_10_14
GTTTGGGTTTCGCCCG-1,1,19022,15920,14,16,14_16,20,True,ROI_14_16
GTTTGGTGATCGGTGC-1,1,19722,8683,7,17,7_17,20,True,ROI_7_17
TAAACGTCGTCAATGA-1,1,8313,5154,4,7,4_7,7,False,ROI_4_7
TAAAGACAACCCTTTA-1,1,13565,19616,17,12,17_12,15,True,ROI_17_12
TAAAGAGCCCGAAACC-1,1,6421,9800,8,5,8_5,20,True,ROI_8_5
TAAAGCGGTATTTCCA-1,1,19012,10186,9,16,9_16,18,True,ROI_9_16
TAAAGCGTTAGGAGAA-1,1,10707,15526,13,9,13_9,23,True,ROI_13_9
TAAAGCTGCAATAGGG-1,1,8096,16759,14,7,14_7,16,True,ROI_14_7
TAAAGTGCACGTCTCG-1,1,21150,10319,9,18,9_18,23,True,ROI_9_18
TAAATCTTTACACCTC-1,1,9765,19896,17,8,17_8,23,True,ROI_17_8
TAAATGAATCCGTTTC-1,1,9505,7473,6,8,6_8,18,True,ROI_6_8
TAAATGCCGTCTCATG-1,1,6673,17581,15,5,15_5,20,True,ROI_15_5
TAAATTGTGGGTAAAG-1,1,21631,13594,12,19,12_19,7,False,ROI_12_19
TAAATTTAGTAACACC-1,1,20910,8817,7,18,7_18,16,True,ROI_7_18
TAACAAAGGGAGAAGC-1,1,9031,8293,7,7,7_7,20,True,ROI_7_7
TAACAATATTTGTTGC-1,1,10689,5696,5,9,5_9,20,True,ROI_5_9
TAACAGCGTTTGTGCT-1,1,19009,8548,7,16,7_16,16,True,ROI_7_16
TAACAGGTTCCCTTAG-1,1,21628,11683,10,19,10_19,8,True,ROI_10_19
TAACATACAATGTGGG-1,1,13078,13064,11,11,11_11,19,True,ROI_11_11
TAACATACACGCGATC-1,1,17105,6913,6,15,6_15,20,True,ROI_6_15
TAACCGCCCGCAGTGC-1,1,6184,10210,9,5,9_5,20,True,ROI_9_5
TAACCTACCGTCCGAG-1,1,11898,17298,15,10,15_10,20,True,ROI_15_10
TAACCTAGGGAGTCCA-1,1,18313,17969,15,16,15_16,20,True,ROI_15_16
TAACGCTTTGAGAGCG-1,1,10455,7471,6,9,6_9,23,True,ROI_6_9
TAACTATCGAAGGTCC-1,1,9743,8155,7,8,7_8,16,True,ROI_7_8
TAACTATTACGCCAAA-1,1,10949,18119,16,9,16_9,20,True,ROI_16_9
TAACTCATCCGCGCGG-1,1,14261,10195,9,12,9_12,18,True,ROI_9_12
TAACTCCATGGAGGCT-1,1,8554,7202,6,7,6_7,22,True,ROI_6_7
TAACTGAAATACGCCT-1,1,20902,4449,3,18,3_18,4,False,ROI_3_18
TAAGAGGGACAGGGAC-1,1,19004,6090,5,16,5_16,18,True,ROI_5_16
TAAGCAGGCGACACGC-1,1,12353,6103,5,10,5_10,15,True,ROI_5_10
TAAGCCCTTACGACCA-1,1,7388,19082,16,6,16_6,20,True,ROI_16_6
TAAGCGCGAATCAAAT-1,1,19481,6909,6,17,6_17,20,True,ROI_6_17
TAAGGAACTTGTGGGA-1,1,7845,8978,7,6,7_6,20,True,ROI_7_6
TAAGGCAACATAAGAT-1,1,9990,13206,11,8,11_8,20,True,ROI_11_8
TAAGGCCCGTCACCCT-1,1,18779,13054,11,16,11_16,16,True,ROI_11_16
TAAGGCTGAATCCCTC-1,1,14748,16747,14,13,14_13,20,True,ROI_14_13
TAAGGGCCTGTCCGAT-1,1,17598,16469,14,15,14_15,16,True,ROI_14_15
TAAGGGCTGGGAGAGG-1,1,12115,5967,5,10,5_10,15,True,ROI_5_10
TAAGTAAATGTGCCGC-1,1,5246,16765,14,4,14_4,10,True,ROI_14_4
TAAGTAACATCTTGAC-1,1,14971,8965,7,13,7_13,20,True,ROI_7_13
TAAGTCGCCGAGTATC-1,1,16870,7869,6,14,6_14,23,True,ROI_6_14
TAAGTTGCGACGTAGG-1,1,16648,16471,14,14,14_14,20,True,ROI_14_14
TAATAAACAAGGAGAT-1,1,8095,15940,14,7,14_7,16,True,ROI_14_7
TAATACACAGTAGTAT-1,1,8801,12253,10,7,10_7,18,True,ROI_10_7
TAATACTAGAACAGAC-1,1,20444,14006,12,18,12_18,20,True,ROI_12_18
TAATAGAACAGAGTTA-1,1,15921,8690,7,14,7_14,9,True,ROI_7_14
TAATAGGTCACCAGAA-1,1,18530,6364,5,16,5_16,18,True,ROI_5_16
TAATAGTGACGACCAG-1,1,10468,14844,13,9,13_9,23,True,ROI_13_9
TAATATTGAAATTCGC-1,1,8084,9933,8,7,8_7,20,True,ROI_8_7
TAATCGATCCGTACGT-1,1,9996,16210,14,8,14_8,20,True,ROI_14_8
TAATGAAAGACCCTTG-1,1,9977,5834,5,8,5_8,16,True,ROI_5_8
TAATTACGTCAGTAGA-1,1,18787,17422,15,16,15_16,20,True,ROI_15_16
TAATTAGATGGATATG-1,1,6417,7888,6,5,6_5,22,True,ROI_6_5
TAATTAGGACATCCGT-1,1,14038,18250,16,12,16_12,20,True,ROI_16_12
TAATTGCGCTGATTAC-1,1,20901,4176,3,18,3_18,4,False,ROI_3_18
TAATTGGAATCGGGAA-1,1,8098,17851,15,7,15_7,16,True,ROI_15_7
TACAACAGCGCATACA-1,1,21878,18645,16,19,16_19,13,True,ROI_16_19
TACAACGCACAACTCA-1,1,13786,10196,9,12,9_12,18,True,ROI_9_12
TACAAGCTGTTCACTG-1,1,4285,10759,9,3,9_3,7,False,ROI_9_3
TACAAGGGCTTCTTTA-1,1,20211,16328,14,17,14_17,20,True,ROI_14_17
TACAAGTCTCGTGCAT-1,1,11405,7197,6,10,6_10,22,True,ROI_6_10
TACACAGCCGTGGTGC-1,1,21156,13595,12,18,12_18,20,True,ROI_12_18
TACACCGTCGTTAGTC-1,1,10002,19486,17,8,17_8,23,True,ROI_17_8
TACACCTCTTCGAATC-1,1,20923,15917,14,18,14_18,20,True,ROI_14_18
TACAGAAACGGTGGGC-1,1,18071,15103,13,16,13_16,21,True,ROI_13_16
TACATAGGCATACACC-1,1,13551,11698,10,11,10_11,20,True,ROI_10_11
TACATCCCTATCCCTG-1,1,14490,5416,4,12,4_12,12,True,ROI_4_12
TACATTTCTAACGTGC-1,1,13312,11016,9,11,9_11,22,True,ROI_9_11
TACCAAATAGCCCAGA-1,1,18065,11826,10,15,10_15,20,True,ROI_10_15
TACCAATAAAGTACCA-1,1,17120,14831,13,15,13_15,19,True,ROI_13_15
TACCAGAAGTAGGTTC-1,1,15687,10465,9,13,9_13,21,True,ROI_9_13
TACCAGCTAGGTTTAA-1,1,6663,12393,10,5,10_5,23,True,ROI_10_5
TACCAGGAATCCCGTC-1,1,20196,8409,7,17,7_17,20,True,ROI_7_17
TACCGAATAATTGTAA-1,1,19973,16191,14,17,14_17,20,True,ROI_14_17
TACCGCGGACTTGCAG-1,1,11897,16752,14,10,14_10,20,True,ROI_14_10
TACCGGCTCACTGCCC-1,1,15215,12377,10,13,10_13,16,True,ROI_10_13
TACCGGTCGTTTCCAT-1,1,14495,8147,7,12,7_12,16,True,ROI_7_12
TACCGTAGGTTAACTA-1,1,18064,11280,9,15,9_15,14,True,ROI_9_15
TACCGTGCCTCGGACC-1,1,16166,12922,11,14,11_14,20,True,ROI_11_14
TACCTACTCCCAGTAT-1,1,17827,11963,10,15,10_15,20,True,ROI_10_15
TACCTCACGCTTGTAC-1,1,7849,11162,9,6,9_6,20,True,ROI_9_6
TACCTCAGTTGTCTGT-1,1,18299,10324,9,16,9_16,18,True,ROI_9_16
TACCTCCACACCAATG-1,1,19482,7455,6,17,6_17,20,True,ROI_6_17
TACCTGCTGCACTGTG-1,1,10691,6515,5,9,5_9,20,True,ROI_5_9
TACCTTAAGATTTCCC-1,1,15681,7462,6,13,6_13,22,True,ROI_6_13
TACGAACACGACTTCA-1,1,11411,10746,9,10,9_10,23,True,ROI_9_10
TACGACGCTTGCTGCG-1,1,14975,10876,9,13,9_13,21,True,ROI_9_13
TACGACTGCCTCTTAG-1,1,14503,12515,11,12,11_12,16,True,ROI_11_12
TACGAGAACTTCACGT-1,1,12358,8833,7,10,7_10,20,True,ROI_7_10
TACGATGTTGATCATC-1,1,12357,8287,7,10,7_10,20,True,ROI_7_10
TACGCAGTTCTTTCCT-1,1,13786,10469,9,12,9_12,18,True,ROI_9_12
TACGCCATATTCTAAT-1,1,13550,11425,10,11,10_11,20,True,ROI_10_11
TACGCCGAGGGTACCC-1,1,17345,8141,7,15,7_15,17,True,ROI_7_15
TACGCCTCCATTCCGA-1,1,17114,11555,10,15,10_15,20,True,ROI_10_15
TACGCTATAGAAACCT-1,1,12136,17708,15,10,15_10,20,True,ROI_15_10
TACGCTCCTAGAACTG-1,1,21387,9909,8,18,8_18,19,True,ROI_8_18
TACGCTCGGTATTGGA-1,1,18553,18925,16,16,16_16,23,True,ROI_16_16
TACGCTGCACGGTCGT-1,1,21879,19465,17,19,17_19,5,False,ROI_17_19
TACGCTGCTGTGTTAA-1,1,20193,6771,5,17,5_17,23,True,ROI_5_17
TACGGAAGCCAAACCA-1,1,20443,13460,11,18,11_18,20,True,ROI_11_18
TACGGCATGGACGCTA-1,1,19028,19197,16,16,16_16,23,True,ROI_16_16
TACGGGATGCTAGCAG-1,1,9043,14846,13,8,13_8,22,True,ROI_13_8
TACGGGTAATAACATA-1,1,21159,15507,13,18,13_18,21,True,ROI_13_18
TACGTAAAGCGGAGTG-1,1,19025,17558,15,16,15_16,20,True,ROI_15_16
TACGTACTAGTGCTGA-1,1,18772,9231,8,16,8_16,16,True,ROI_8_16
TACGTGCACTATGCTG-1,1,9031,8020,7,7,7_7,20,True,ROI_7_7
TACGTGGGCCCAGGGC-1,1,20445,14552,12,18,12_18,20,True,ROI_12_18
TACGTTTACCGGCAAT-1,1,13544,7875,6,11,6_11,23,True,ROI_6_11
TACTACGTGCAATGCG-1,1,20921,15098,13,18,13_18,21,True,ROI_13_18
TACTCCTCTAGTTGAC-1,1,19246,8411,7,17,7_17,20,True,ROI_7_17
TACTCGTTTGAATCAA-1,1,21159,15234,13,18,13_18,21,True,ROI_13_18
TACTCTCCGAACAAAT-1,1,9043,14573,12,8,12_8,20,True,ROI_12_8
TACTCTTACTTTACTG-1,1,18077,18652,16,16,16_16,23,True,ROI_16_16
TACTGCAATCAATTAC-1,1,9285,17440,15,8,15_8,20,True,ROI_15_8
TACTGGACAGCTCGGC-1,1,12354,6922,6,10,6_10,22,True,ROI_6_10
TACTGTTTCTCTGGTA-1,1,15228,19750,17,13,17_13,15,True,ROI_17_13
TACTTAAACATGTACA-1,1,19739,18240,16,17,16_17,22,True,ROI_16_17
TACTTTACTGAGCCGG-1,1,11184,16617,14,9,14_9,20,True,ROI_14_9
TACTTTCCGCACGCCA-1,1,15203,6097,5,13,5_13,20,True,ROI_5_13
TAGAAACCACTAAGTA-1,1,5241,14307,12,4,12_4,17,True,ROI_12_4
TAGAAAGGTGGCGCTA-1,1,11418,14569,12,10,12_10,20,True,ROI_12_10
TAGAATAGCCGATGAA-1,1,18787,17149,15,16,15_16,20,True,ROI_15_16
TAGAATTAAGGGCAAC-1,1,6428,13895,12,5,12_5,20,True,ROI_12_5
TAGACGAAACGCCAAT-1,1,19018,13463,11,16,11_16,16,True,ROI_11_16
TAGACGCCCGTACCGG-1,1,11658,15797,13,10,13_10,22,True,ROI_13_10
TAGACTACCTAGCGTT-1,1,13087,17706,15,11,15_11,16,True,ROI_15_11
TAGACTCAGTTGGCCT-1,1,20666,5405,4,18,4_18,14,True,ROI_4_18
TAGAGATCATGCAACT-1,1,14493,7054,6,12,6_12,18,True,ROI_6_12
TAGAGCTACGAAGAAC-1,1,7135,10754,9,6,9_6,20,True,ROI_9_6
TAGAGGGAGTTTATCT-1,1,21391,12366,10,18,10_18,20,True,ROI_10_18
TAGAGGTTCTACTTGT-1,1,16886,16607,14,14,14_14,20,True,ROI_14_14
TAGAGTCTAAGCGAAC-1,1,10936,11020,9,9,9_9,22,True,ROI_9_9
TAGAGTGTTCCGGGTA-1,1,21875,17280,15,19,15_19,9,True,ROI_15_19
TAGATATGGACTGGAA-1,1,15687,10738,9,13,9_13,21,True,ROI_9_13
TAGATCCGAAGTCGCA-1,1,6427,13349,11,5,11_5,20,True,ROI_11_5
TAGATGGTTCCTTACT-1,1,18074,16741,14,16,14_16,20,True,ROI_14_16
TAGATTCAAAGTGCGG-1,1,20435,8818,7,18,7_18,16,True,ROI_7_18
TAGATTCCTGGTTATT-1,1,11640,6240,5,10,5_10,15,True,ROI_5_10
TAGATTCTCTAGCAAA-1,1,21405,19738,17,18,17_18,8,True,ROI_17_18
TAGCAACCTGTCACAA-1,1,9266,7064,6,8,6_8,18,True,ROI_6_8
TAGCAGATACTTAGGG-1,1,21398,16189,14,18,14_18,20,True,ROI_14_18
TAGCAGTATGACTAAA-1,1,19737,16875,14,17,14_17,20,True,ROI_14_17
TAGCCATTTCAAAGTC-1,1,14271,15656,13,12,13_12,17,True,ROI_13_12
TAGCCGGCGGTCAGCG-1,1,11894,15114,13,10,13_10,22,True,ROI_13_10
TAGCGTCCCTCGATTG-1,1,14751,18385,16,13,16_13,20,True,ROI_16_13
TAGCGTCCGGTGTGGT-1,1,16643,14013,12,14,12_14,20,True,ROI_12_14
TAGCGTTGGGTCTTAC-1,1,13078,12791,11,11,11_11,19,True,ROI_11_11
TAGCTAAGTCCGGGAG-1,1,10937,11293,9,9,9_9,22,True,ROI_9_9
TAGCTAGTGATGATGG-1,1,18299,10051,8,16,8_16,16,True,ROI_8_16
TAGCTCAGATCCTAGT-1,1,5963,19357,17,5,17_5,23,True,ROI_17_5
TAGCTGATGTGAAGCG-1,1,14013,4871,4,12,4_12,12,True,ROI_4_12
TAGGAACAGCCTCCAG-1,1,5243,15399,13,4,13_4,19,True,ROI_13_4
TAGGAGGCTCGAGAAC-1,1,21404,19192,16,18,16_18,23,True,ROI_16_18
TAGGCATGTTACGCCA-1,1,9519,15118,13,8,13_8,22,True,ROI_13_8
TAGGCCTATATAGTCT-1,1,19740,18513,16,17,16_17,22,True,ROI_16_17
TAGGCGATGAGGTCTC-1,1,17102,5002,4,15,4_15,15,True,ROI_4_15
TAGGCGGCTGCAAAGA-1,1,19478,5270,4,17,4_17,20,True,ROI_4_17
TAGGCTAAAGTGGCAC-1,1,19499,17011,15,17,15_17,20,True,ROI_15_17
TAGGGAGCTTGGGATG-1,1,12610,16615,14,11,14_11,16,True,ROI_14_11
TAGGGTGTTTCAAGAG-1,1,9273,10887,9,8,9_8,18,True,ROI_9_8
TAGGTCCAAGTAAGGA-1,1,10928,6651,5,9,5_9,20,True,ROI_5_9
TAGGTCGCCGGAACTG-1,1,11660,17162,15,10,15_10,20,True,ROI_15_10
TAGGTGACGATAACCT-1,1,18544,14283,12,16,12_16,16,True,ROI_12_16
TAGGTGAGCCCTACTC-1,1,10931,8017,7,9,7_9,20,True,ROI_7_9
TAGGTGCTCGCCTAGC-1,1,13557,15248,13,12,13_12,17,True,ROI_13_12
TAGGTGTTCCACAGAT-1,1,18302,11689,10,16,10_16,16,True,ROI_10_16
TAGGTTCGAGTTCGTC-1,1,12365,12656,11,10,11_10,20,True,ROI_11_10
TAGGTTCTGCTGAGAA-1,1,21153,11957,10,18,10_18,20,True,ROI_10_18
TAGTACCACAACTTTC-1,1,19003,5271,4,16,4_16,14,True,ROI_4_16
TAGTACCTTAGTGGTC-1,1,9028,6382,5,7,5_7,20,True,ROI_5_7
TAGTAGCTTATACCAG-1,1,18535,9368,8,16,8_16,16,True,ROI_8_16
TAGTCCCGGAGACCAC-1,1,19724,10048,8,17,8_17,20,True,ROI_8_17
TAGTCCGCAGAGAATG-1,1,13311,10743,9,11,9_11,22,True,ROI_9_11
TAGTCCGTATGCATAA-1,1,7600,5292,4,6,4_6,9,True,ROI_4_6
TAGTCCTGCACTAAGC-1,1,20431,6907,6,18,6_18,8,True,ROI_6_18
TAGTCGATCACGGGTT-1,1,15460,16609,14,13,14_13,20,True,ROI_14_13
TAGTCTAACAACGAGA-1,1,13544,8148,7,11,7_11,20,True,ROI_7_11
TAGTCTGCGGCACATT-1,1,21146,8407,7,18,7_18,16,True,ROI_7_18
TAGTCTGTGACGTTGC-1,1,9523,17576,15,8,15_8,20,True,ROI_15_8
TAGTCTTTCCGAATTG-1,1,15940,19339,17,14,17_14,15,True,ROI_17_14
TAGTGCCCTCCAGAGT-1,1,11648,10609,9,10,9_10,23,True,ROI_9_10
TAGTGGAACTCATACA-1,1,4767,14854,13,4,13_4,19,True,ROI_13_4
TAGTGTCAGAAACGGC-1,1,9027,6109,5,7,5_7,20,True,ROI_5_7
TAGTTAAGATAGGATA-1,1,6905,14714,13,6,13_6,23,True,ROI_13_6
TAGTTTATTCTTGCTT-1,1,7136,11300,10,6,10_6,22,True,ROI_10_6
TATAAATCCACAAGCT-1,1,8796,9522,8,7,8_7,20,True,ROI_8_7
TATAAGTGAGGATAGC-1,1,9032,8839,7,7,7_7,20,True,ROI_7_7
TATACACGCAAAGTAT-1,1,8319,8431,7,7,7_7,20,True,ROI_7_7
TATACCGAGTGCCACA-1,1,15941,19885,17,14,17_14,15,True,ROI_17_14
TATACGCGTCATCACT-1,1,18304,12781,11,16,11_16,16,True,ROI_11_16
TATACTCATGCGGCAA-1,1,8789,5973,5,7,5_7,20,True,ROI_5_7
TATAGAGTCGCTTGAA-1,1,19249,9776,8,17,8_17,20,True,ROI_8_17
TATAGATGGTCGCAGT-1,1,13561,17432,15,12,15_12,20,True,ROI_15_12
TATAGGGTACTCATGA-1,1,12591,6239,5,11,5_11,19,True,ROI_5_11
TATAGTTAGGTGTACT-1,1,21140,5131,4,18,4_18,14,True,ROI_4_18
TATATAGGGCTTTACG-1,1,19008,8002,7,16,7_16,16,True,ROI_7_16
TATATATCGAGAAATG-1,1,18294,7320,6,16,6_16,16,True,ROI_6_16
TATATCAAAGTGATCT-1,1,20909,8544,7,18,7_18,16,True,ROI_7_18
TATATCCCTGGGAGGA-1,1,12610,16888,14,11,14_11,16,True,ROI_14_11
TATATTACAAATGTCG-1,1,8099,18125,16,7,16_7,16,True,ROI_16_7
TATATTCGCGTCGATA-1,1,5950,11985,10,5,10_5,23,True,ROI_10_5
TATCACAGCACGGGCA-1,1,5000,12260,10,4,10_4,22,True,ROI_10_4
TATCACCATGTAAAGT-1,1,6195,16490,14,5,14_5,20,True,ROI_14_5
TATCACCCAACCGACC-1,1,9760,17166,15,8,15_8,20,True,ROI_15_8
TATCACTTCGAGTAAC-1,1,8097,17032,15,7,15_7,16,True,ROI_15_7
TATCCAATTGGTTATC-1,1,17119,14285,12,15,12_15,20,True,ROI_12_15
TATCCATATCATGCGA-1,1,8323,10615,9,7,9_7,18,True,ROI_9_7
TATCCATCTCGGTTAG-1,1,18529,5818,5,16,5_16,18,True,ROI_5_16
TATCCGCACCGTCGGG-1,1,18063,10734,9,15,9_15,14,True,ROI_9_15
TATCCTATCAACTGGT-1,1,20440,11549,10,18,10_18,20,True,ROI_10_18
TATCCTGCATGGGAAT-1,1,7373,10890,9,6,9_6,20,True,ROI_9_6
TATCGATCTATGCATA-1,1,9282,15528,13,8,13_8,22,True,ROI_13_8
TATCGATGATTAAACG-1,1,9510,10204,9,8,9_8,18,True,ROI_9_8
TATCTACAGAGGTAAT-1,1,11166,6787,6,9,6_9,23,True,ROI_6_9
TATCTACCACAGCGGG-1,1,14026,11697,10,12,10_12,16,True,ROI_10_12
TATCTGAGCCGATATT-1,1,19239,4588,4,17,4_17,20,True,ROI_4_17
TATCTTGCAATACAAC-1,1,17341,5684,5,15,5_15,22,True,ROI_5_15
TATGAAGAATTAAGGT-1,1,19974,17011,15,17,15_17,20,True,ROI_15_17
TATGAAGACAGGTGCG-1,1,10928,6378,5,9,5_9,20,True,ROI_5_9
TATGATAAATCTAACG-1,1,5480,14716,13,4,13_4,19,True,ROI_13_4
TATGATCCGGCACGCC-1,1,10238,18803,16,9,16_9,20,True,ROI_16_9
TATGATCTTCTCTTTA-1,1,17834,15786,13,15,13_15,19,True,ROI_13_15
TATGATTCTGCTTGGT-1,1,5230,8300,7,4,7_4,8,True,ROI_7_4
TATGCTCCCTACTTAC-1,1,9988,11841,10,8,10_8,23,True,ROI_10_8
TATGGAGTTTCTCGTT-1,1,5467,7890,6,4,6_4,14,True,ROI_6_4
TATGGATGTGCTACGC-1,1,10224,10885,9,9,9_9,22,True,ROI_9_9
TATGGCCCGGCCTCGC-1,1,11168,7607,6,9,6_9,23,True,ROI_6_9
TATGGGACCGAGCAGG-1,1,12600,11154,9,11,9_11,22,True,ROI_9_11
TATGGGTACGTATCGT-1,1,11650,11428,10,10,10_10,20,True,ROI_10_10
TATGGTCTGAGTAACA-1,1,12600,11427,10,11,10_11,20,True,ROI_10_11
TATGGTTAGTGGGAGA-1,1,13800,17841,15,12,15_12,20,True,ROI_15_12
TATGTAAAGTGCTTAA-1,1,19723,9502,8,17,8_17,20,True,ROI_8_17
TATGTCAAGACCGACT-1,1,8808,16075,14,7,14_7,16,True,ROI_14_7
TATGTCTCATTGTGCC-1,1,11181,14706,13,9,13_9,23,True,ROI_13_9
TATTAACACCAAAGCA-1,1,16864,4866,4,14,4_14,15,True,ROI_4_14
TATTACCATCCTGCTT-1,1,13085,16614,14,11,14_11,16,True,ROI_14_11
TATTATGTTTGCCTGC-1,1,17578,5820,5,15,5_15,22,True,ROI_5_15
TATTCAATTCTAATCC-1,1,12129,13612,12,10,12_10,20,True,ROI_12_10
TATTCCGAGCTGTTAT-1,1,16883,15241,13,14,13_14,23,True,ROI_13_14
TATTCCGGCAGTCCTA-1,1,5236,11304,10,4,10_4,22,True,ROI_10_4
TATTCCTCCGCCCACT-1,1,15444,7872,6,13,6_13,22,True,ROI_6_13
TATTCGTGCCAGAATA-1,1,12126,12247,10,10,10_10,20,True,ROI_10_10
TATTGACATTTCTGCC-1,1,12377,19482,17,10,17_10,21,True,ROI_17_10
TATTGCCGGGCTTGTA-1,1,19978,18922,16,17,16_17,22,True,ROI_16_17
TATTTAGTCTAGATCG-1,1,8324,11434,10,7,10_7,18,True,ROI_10_7
TATTTATACCGAGTAG-1,1,7854,14166,12,6,12_6,20,True,ROI_12_6
TATTTGATTTGCACAG-1,1,16891,19610,17,14,17_14,15,True,ROI_17_14
TATTTGTTACCCTTTA-1,1,9746,9794,8,8,8_8,16,True,ROI_8_8
TCAAACAACCGCGTCG-1,1,9750,11705,10,8,10_8,23,True,ROI_10_8
TCAAACTTAGATTGTT-1,1,11414,12384,10,10,10_10,20,True,ROI_10_10
TCAAAGTCACGGCGTC-1,1,20668,6770,5,18,5_18,17,True,ROI_5_18
TCAAATTGTTGTGCCG-1,1,20207,14143,12,17,12_17,20,True,ROI_12_17
TCAAATTTGAGACTCA-1,1,18304,13054,11,16,11_16,16,True,ROI_11_16
TCAACAAAGATAATTC-1,1,16631,7460,6,14,6_14,23,True,ROI_6_14
TCAACACATTGGGTAA-1,1,6656,8297,7,5,7_5,20,True,ROI_7_5
TCAACATAGCGCCCTA-1,1,17823,9506,8,15,8_15,6,False,ROI_8_15
TCAACATCGACCGAGA-1,1,14490,5689,5,12,5_12,16,True,ROI_5_12
TCAACCATGTTCGGGC-1,1,9985,10476,9,8,9_8,18,True,ROI_9_8
TCAACGAGGAGACAAA-1,1,14025,11151,9,12,9_12,18,True,ROI_9_12
TCAACGCAGGAAATAA-1,1,15682,7735,6,13,6_13,22,True,ROI_6_13
TCAACGCGACCGGCAG-1,1,13304,6647,5,11,5_11,19,True,ROI_5_11
TCAACTAACGTATAAC-1,1,11403,6104,5,10,5_10,15,True,ROI_5_10
TCAACTGCAGAGTCAG-1,1,17364,18244,16,15,16_15,18,True,ROI_16_15
TCAAGAAATACTAGCT-1,1,12137,18254,16,10,16_10,20,True,ROI_16_10
TCAAGCGCGGACGGTA-1,1,17840,19062,16,15,16_15,18,True,ROI_16_15
TCAAGGTTACTACACC-1,1,15224,17565,15,13,15_13,20,True,ROI_15_13
TCAATACGCCGTCATG-1,1,19015,11824,10,16,10_16,16,True,ROI_10_16
TCAATATACAGGAGGC-1,1,20692,19603,17,18,17_18,8,True,ROI_17_18
TCAATCCGGGAAGTTT-1,1,21639,17690,15,19,15_19,9,True,ROI_15_19
TCACAAACCGAGGTAC-1,1,18548,16467,14,16,14_16,20,True,ROI_14_16
TCACAGATCCTCAAAC-1,1,6651,5567,4,5,4_5,12,True,ROI_4_5
TCACAGGTTATTGGGC-1,1,11647,10063,8,10,8_10,20,True,ROI_8_10
TCACATCTTATCTGAT-1,1,10690,6242,5,9,5_9,20,True,ROI_5_9
TCACCCTCTTAAGATT-1,1,14738,11559,10,13,10_13,16,True,ROI_10_13
TCACCGCTCGGCACTC-1,1,11183,16071,14,9,14_9,20,True,ROI_14_9
TCACGATGTCCGTGGA-1,1,16393,7324,6,14,6_14,23,True,ROI_6_14
TCACGCATTGTAGATC-1,1,11885,10199,9,10,9_10,23,True,ROI_9_10
TCACGGCCCAAGAGAG-1,1,20192,5952,5,17,5_17,23,True,ROI_5_17
TCACGGTCATCGCACA-1,1,9509,9657,8,8,8_8,16,True,ROI_8_8
TCACGTGCCCGATTCA-1,1,13076,11972,10,11,10_11,20,True,ROI_10_11
TCACTACGACCAATGC-1,1,7146,16488,14,6,14_6,20,True,ROI_14_6
TCACTATCCCTTCGGT-1,1,21163,17691,15,18,15_18,20,True,ROI_15_18
TCACTCGTGCAACGGC-1,1,7620,16214,14,6,14_6,20,True,ROI_14_6
TCAGAACCTCCACAGG-1,1,11187,17982,15,9,15_9,20,True,ROI_15_9
TCAGAACGGCGGTAAT-1,1,21395,14278,12,18,12_18,20,True,ROI_12_18
TCAGAGGACGCGTTAG-1,1,21872,15369,13,19,13_19,6,False,ROI_13_19
TCAGCAAATGCATCTC-1,1,11416,13477,11,10,11_10,20,True,ROI_11_10
TCAGCAGTAGGCCCTG-1,1,18535,9095,8,16,8_16,16,True,ROI_8_16
TCAGCCAATCCGTAAA-1,1,19026,17832,15,16,15_16,20,True,ROI_15_16
TCAGCGCACGCCGTTT-1,1,21633,14414,12,19,12_19,7,False,ROI_12_19
TCAGGGCGCAAACTCG-1,1,9264,5699,5,8,5_8,16,True,ROI_5_8
TCAGGGTGCACGAAAC-1,1,5719,15671,13,5,13_5,22,True,ROI_13_5
TCAGGGTGTAACGTAA-1,1,10703,13341,11,9,11_9,20,True,ROI_11_9
TCAGGTTCTTTGAGAA-1,1,11171,9245,8,9,8_9,20,True,ROI_8_9
TCAGTACTGACCCGCG-1,1,10219,8154,7,9,7_9,20,True,ROI_7_9
TCAGTAGGGACTATAA-1,1,14973,10057,8,13,8_13,18,True,ROI_8_13
TCAGTGTATACGTCAT-1,1,17821,8414,7,15,7_15,17,True,ROI_7_15
TCAGTTACGGAATGAT-1,1,4765,13762,12,4,12_4,17,True,ROI_12_4
TCATACTTACAGATCC-1,1,9266,6791,6,8,6_8,18,True,ROI_6_8
TCATATGAGCTTTGTT-1,1,19253,11961,10,17,10_17,20,True,ROI_10_17
TCATCACTCGAGCTCG-1,1,8079,7476,6,7,6_7,22,True,ROI_6_7
TCATCCCAGAGGGTGG-1,1,6902,13075,11,6,11_6,20,True,ROI_11_6
TCATCCTCAGCTGCTT-1,1,20210,15781,13,17,13_17,23,True,ROI_13_17
TCATCGATGGTCCCAA-1,1,17581,7458,6,15,6_15,20,True,ROI_6_15
TCATGCAGGTTCTCAT-1,1,8331,14984,13,7,13_7,18,True,ROI_13_7
TCATTCGTATAATTTG-1,1,5487,18539,16,4,16_4,11,True,ROI_16_4
TCATTTAAGTCTCCGA-1,1,12373,17025,15,10,15_10,20,True,ROI_15_10
TCATTTAGAAGTGTGA-1,1,16889,18518,16,14,16_14,20,True,ROI_16_14
TCCAACTCAGCTATCT-1,1,19972,15918,14,17,14_17,20,True,ROI_14_17
TCCAACTTTAAATTCT-1,1,13546,8967,7,11,7_11,20,True,ROI_7_11
TCCAAGCCTAGACACA-1,1,19969,14280,12,17,12_17,20,True,ROI_12_17
TCCAATAAAGGCTACC-1,1,19013,10732,9,16,9_16,18,True,ROI_9_16
TCCACAATGGTTTACG-1,1,11169,8426,7,9,7_9,20,True,ROI_7_9
TCCACATCGTATATTG-1,1,20442,12641,11,18,11_18,20,True,ROI_11_18
TCCACCAAGACATAGG-1,1,21164,18237,16,18,16_18,23,True,ROI_16_18
TCCACCTCTAGCCTTT-1,1,18538,10733,9,16,9_16,18,True,ROI_9_16
TCCACTTTATCTAGGT-1,1,11418,14296,12,10,12_10,20,True,ROI_12_10
TCCAGAGCACCGGTTC-1,1,13553,13063,11,11,11_11,19,True,ROI_11_11
TCCAGATGTACGCCAA-1,1,9763,19077,16,8,16_8,20,True,ROI_16_8
TCCAGCGCTATAAGCG-1,1,16415,19338,17,14,17_14,15,True,ROI_17_14
TCCAGGCAGGACGATC-1,1,21151,11138,9,18,9_18,23,True,ROI_9_18
TCCAGGCGAGTACGGT-1,1,11412,11292,9,10,9_10,23,True,ROI_9_10
TCCAGGGTATATACGA-1,1,18540,12098,10,16,10_16,16,True,ROI_10_16
TCCATCAATACTAATC-1,1,19241,5407,4,17,4_17,20,True,ROI_4_17
TCCATTAGTTGGATAG-1,1,5466,7071,6,4,6_4,14,True,ROI_6_4
TCCATTGTGACCTCGT-1,1,5953,13896,12,5,12_5,20,True,ROI_12_5
TCCCAAACAGACAACG-1,1,9287,18532,16,8,16_8,20,True,ROI_16_8
TCCCAAAGACGAAGGA-1,1,10225,11704,10,9,10_9,20,True,ROI_10_9
TCCCAAAGCCCTAAAT-1,1,13327,19480,17,11,17_11,13,True,ROI_17_11
TCCCACTCTCTTCCGG-1,1,11425,18118,16,10,16_10,20,True,ROI_16_10
TCCCAGCTTTAGTCTG-1,1,12124,11154,9,10,9_10,23,True,ROI_9_10
TCCCAGGCTTAGCTAA-1,1,11172,10064,8,9,8_9,20,True,ROI_8_9
TCCCGCCTATGTGCGT-1,1,11666,20166,17,10,17_10,21,True,ROI_17_10
TCCCGCGTACTCCTGG-1,1,10465,12932,11,9,11_9,20,True,ROI_11_9
TCCCGGGTGTGCTGCT-1,1,12119,8151,7,10,7_10,20,True,ROI_7_10
TCCCGGTCAGGAATTT-1,1,5943,8435,7,5,7_5,20,True,ROI_7_5
TCCCGTCAGTCCCGCA-1,1,9516,13753,12,8,12_8,20,True,ROI_12_8
TCCCGTCGCGTCATAG-1,1,10951,19212,17,9,17_9,22,True,ROI_17_9
TCCCTAGATCAATAGG-1,1,10714,19075,16,9,16_9,20,True,ROI_16_9
TCCCTCTTCTCAAGGG-1,1,19503,19196,16,17,16_17,22,True,ROI_16_17
TCCCTGGCGTATTAAC-1,1,17816,5956,5,15,5_15,22,True,ROI_5_15
TCCCTGGCTCGCTGGA-1,1,11880,7196,6,10,6_10,22,True,ROI_6_10
TCCCTTAGATTACTCG-1,1,8331,15257,13,7,13_7,18,True,ROI_13_7
TCCCTTGTCTGAAACT-1,1,19978,19195,16,17,16_17,22,True,ROI_16_17
TCCGAACTTGGCTTAC-1,1,11878,6103,5,10,5_10,15,True,ROI_5_10
TCCGAAGTAGTCACCA-1,1,7387,18535,16,6,16_6,20,True,ROI_16_6
TCCGAATGGTCCTGAG-1,1,11426,18938,16,10,16_10,20,True,ROI_16_10
TCCGACCGCTAATCAA-1,1,20671,8408,7,18,7_18,16,True,ROI_7_18
TCCGAGAAGGCTAAGC-1,1,5470,9255,8,4,8_4,7,False,ROI_8_4
TCCGATAATTGCCATA-1,1,8326,12254,10,7,10_7,18,True,ROI_10_7
TCCGATGACTGAGCTC-1,1,9279,13890,12,8,12_8,20,True,ROI_12_8
TCCGATGGTGCGACAT-1,1,9986,10749,9,8,9_8,18,True,ROI_9_8
TCCGATTACATTGCCG-1,1,11643,7879,6,10,6_10,22,True,ROI_6_10
TCCGCCTGTCTACAAG-1,1,17355,13602,12,15,12_15,20,True,ROI_12_15
TCCGCGGCAGCATCTG-1,1,12131,14977,13,10,13_10,22,True,ROI_13_10
TCCGCGGCCCAATGAA-1,1,16649,17017,15,14,15_14,20,True,ROI_15_14
TCCGCTGTCATCCCGG-1,1,15219,14562,12,13,12_13,9,True,ROI_12_13
TCCGGAGGAAGGGCTG-1,1,7386,18262,16,6,16_6,20,True,ROI_16_6
TCCGGCCTAGCGTACA-1,1,10710,16891,14,9,14_9,20,True,ROI_14_9
TCCGGCCTGCATCGAT-1,1,4529,14718,13,4,13_4,19,True,ROI_13_4
TCCGGGCTTGACGGGA-1,1,19736,16601,14,17,14_17,20,True,ROI_14_17
TCCGTAACCACAATCC-1,1,8789,5700,5,7,5_7,20,True,ROI_5_7
TCCGTTAAGCTAATAT-1,1,16411,17154,15,14,15_14,20,True,ROI_15_14
TCCGTTTAGCCTTGAA-1,1,10945,15662,13,9,13_9,23,True,ROI_13_9
TCCTAAAGATTCAGAC-1,1,20208,14962,13,17,13_17,23,True,ROI_13_17
TCCTAAATTGGGAAGC-1,1,17354,13056,11,15,11_15,20,True,ROI_11_15
TCCTAACCGTCGGGCA-1,1,18773,9777,8,16,8_16,16,True,ROI_8_16
TCCTAGCAAAGAAGCT-1,1,13784,9104,8,12,8_12,16,True,ROI_8_12
TCCTATCATAGGTAAC-1,1,14991,19887,17,13,17_13,15,True,ROI_17_13
TCCTCCTAAGACATTC-1,1,15204,6370,5,13,5_13,20,True,ROI_5_13
TCCTCGGGCTGGGCTT-1,1,13555,13882,12,12,12_12,13,True,ROI_12_12
TCCTCTACGAGATGGC-1,1,10218,7881,6,9,6_9,23,True,ROI_6_9
TCCTCTCCAGTTGTCC-1,1,11165,6241,5,9,5_9,20,True,ROI_5_9
TCCTCTGGCCCATTAG-1,1,6431,15534,13,5,13_5,22,True,ROI_13_5
TCCTGCCAACTGGAGA-1,1,6907,15806,13,6,13_6,23,True,ROI_13_6
TCCTGCGTTGATACTC-1,1,13068,7603,6,11,6_11,23,True,ROI_6_11
TCCTGGCGCTGCCTGG-1,1,6911,17990,15,6,15_6,20,True,ROI_15_6
TCCTTACGACGGTCCG-1,1,15698,16472,14,13,14_13,20,True,ROI_14_13
TCCTTCAGTGGTCGAA-1,1,7614,12937,11,6,11_6,20,True,ROI_11_6
TCCTTGTCCTTTAATT-1,1,20442,12914,11,18,11_18,20,True,ROI_11_18
TCCTTTAAATCCGCTT-1,1,17360,16060,14,15,14_15,16,True,ROI_14_15
TCCTTTCTTACGCTTA-1,1,11176,11975,10,9,10_9,20,True,ROI_10_9
TCGAAATTTAGGACCA-1,1,10934,9655,8,9,8_9,20,True,ROI_8_9
TCGAAGAACCGAGCAC-1,1,14748,17020,15,13,15_13,20,True,ROI_15_13
TCGAATATCCCGCAGG-1,1,17820,7867,6,15,6_15,20,True,ROI_6_15
TCGACAACTGAACCCG-1,1,17578,5547,4,15,4_15,15,True,ROI_4_15
TCGACTGACGATGGCT-1,1,21880,19738,17,19,17_19,5,False,ROI_17_19
TCGAGACCAACACCGT-1,1,12837,11017,9,11,9_11,22,True,ROI_9_11
TCGAGCCAGGCAGGCC-1,1,17583,8550,7,15,7_15,17,True,ROI_7_15
TCGAGGGCAACAGACG-1,1,17604,19745,17,15,17_15,8,True,ROI_17_15
TCGATAGGCTAGTCGC-1,1,5946,10074,8,5,8_5,20,True,ROI_8_5
TCGCACCAGGAGGCAG-1,1,15931,14424,12,14,12_14,20,True,ROI_12_14
TCGCATAAAGGGCGCA-1,1,19027,18651,16,16,16_16,23,True,ROI_16_16
TCGCATCCCTAAGTGT-1,1,7605,7750,6,6,6_6,23,True,ROI_6_6
TCGCATTCAATGACTT-1,1,6181,8571,7,5,7_5,20,True,ROI_7_5
TCGCCCAACTGACTCC-1,1,6199,18401,16,5,16_5,20,True,ROI_16_5
TCGCCGAAGTTGCGTC-1,1,14733,8556,7,13,7_13,20,True,ROI_7_13
TCGCCGACATATTCGC-1,1,19734,15236,13,17,13_17,23,True,ROI_13_17
TCGCCGGTCGATCCGT-1,1,8562,11844,10,7,10_7,18,True,ROI_10_7
TCGCCTCCTTCGGCTC-1,1,21636,16052,14,19,14_19,6,False,ROI_14_19
TCGCGCGTTTACATGA-1,1,20664,4313,3,18,3_18,4,False,ROI_3_18
TCGCGTAGCAGTGTCC-1,1,17599,17015,15,15,15_15,16,True,ROI_15_15
TCGCGTCCAGAAGGTC-1,1,11405,7470,6,10,6_10,22,True,ROI_6_10
TCGCTAAACCGCTATC-1,1,8569,15666,13,7,13_7,18,True,ROI_13_7
TCGCTACTGGCTTTGA-1,1,19493,13462,11,17,11_17,20,True,ROI_11_17
TCGCTCGATATATTCC-1,1,10938,12112,10,9,10_9,20,True,ROI_10_9
TCGCTCGGCACCAGCG-1,1,9762,18258,16,8,16_8,20,True,ROI_16_8
TCGCTGCCAATGCTGT-1,1,20207,14416,12,17,12_17,20,True,ROI_12_17
TCGCTGGGCGGATTGT-1,1,10704,13614,12,9,12_9,20,True,ROI_12_9
TCGCTGTGCGTAAATC-1,1,8082,9114,8,7,8_7,20,True,ROI_8_7
TCGCTTAATTACGAAG-1,1,7152,20038,17,6,17_6,22,True,ROI_17_6
TCGCTTTAAACGTTTG-1,1,9994,15391,13,8,13_8,22,True,ROI_13_8
TCGGAATGACCATCAA-1,1,5478,13897,12,4,12_4,17,True,ROI_12_4
TCGGAATGCGCTCTGA-1,1,11167,7333,6,9,6_9,23,True,ROI_6_9
TCGGACGCCCAGCCCA-1,1,11893,14295,12,10,12_10,20,True,ROI_12_10
TCGGAGAGTATCGGGA-1,1,14729,6644,5,13,5_13,20,True,ROI_5_13
TCGGAGTACATGAGTA-1,1,11654,13613,12,10,12_10,20,True,ROI_12_10
TCGGCGAACCCAAACC-1,1,15700,17838,15,13,15_13,20,True,ROI_15_13
TCGGCGTACTGCACAA-1,1,15677,5277,4,13,4_13,15,True,ROI_4_13
TCGGCTAACTTCCCTT-1,1,4766,14035,12,4,12_4,17,True,ROI_12_4
TCGGCTTGTATCGACG-1,1,17836,16605,14,15,14_15,16,True,ROI_14_15
TCGGGAACGTGCCTAG-1,1,11425,18392,16,10,16_10,20,True,ROI_16_10
TCGGGAGACAGCGTAC-1,1,18067,13191,11,15,11_15,20,True,ROI_11_15
TCGGGATTCAAACATA-1,1,13302,5555,4,11,4_11,9,True,ROI_4_11
TCGGGCCGTCGTGGTA-1,1,13558,15521,13,12,13_12,17,True,ROI_13_12
TCGGGTGAAACTGCTA-1,1,6423,11165,9,5,9_5,20,True,ROI_9_5
TCGGTCCCGACAATAG-1,1,17580,6639,5,15,5_15,22,True,ROI_5_15
TCGGTCCCTGACTCCA-1,1,6432,15807,13,5,13_5,22,True,ROI_13_5
TCGGTGACCGCTCCGG-1,1,7624,18398,16,6,16_6,20,True,ROI_16_6
TCGGTTAGCCATGTAG-1,1,5245,16491,14,4,14_4,10,True,ROI_14_4
TCGTAAGACGACATTG-1,1,10467,14024,12,9,12_9,20,True,ROI_12_9
TCGTAAGCTCCGAGGA-1,1,7861,17988,15,6,15_6,20,True,ROI_15_6
TCGTACCGACGTCAAG-1,1,20201,11140,9,17,9_17,22,True,ROI_9_17
TCGTATAGTGCAATTA-1,1,6898,11164,9,6,9_6,20,True,ROI_9_6
TCGTATTACCCATTGC-1,1,12829,6921,6,11,6_11,23,True,ROI_6_11
TCGTATTTCGTCCGGA-1,1,5242,14580,12,4,12_4,17,True,ROI_12_4
TCGTCAAGTACGCGCA-1,1,17346,8687,7,15,7_15,17,True,ROI_7_15
TCGTCACACTGTTAGC-1,1,10452,6106,5,9,5_9,20,True,ROI_5_9
TCGTCCGCTGGCGTCT-1,1,9270,8975,7,8,7_8,16,True,ROI_7_8
TCGTCCGGGTACACTC-1,1,6202,20039,17,5,17_5,23,True,ROI_17_5
TCGTCTTAGGCGTTAA-1,1,16645,14832,13,14,13_14,23,True,ROI_13_14
TCGTGTATTGGTCACG-1,1,16653,19474,17,14,17_14,15,True,ROI_17_14
TCGTGTCACGCTGACA-1,1,14254,6645,5,12,5_12,16,True,ROI_5_12
TCGTGTTCGACCACAA-1,1,17600,17834,15,15,15_15,16,True,ROI_15_15
TCGTTCGTTATTATGT-1,1,6425,11984,10,5,10_5,23,True,ROI_10_5
TCGTTGGCTCGTCAAT-1,1,6179,7752,6,5,6_5,22,True,ROI_6_5
TCGTTTACGCGACCCT-1,1,20686,16327,14,18,14_18,20,True,ROI_14_18
TCTAAAGAACAGTCTC-1,1,16389,4866,4,14,4_14,15,True,ROI_4_14
TCTAACCTAGCCTGCG-1,1,21641,18782,16,19,16_19,13,True,ROI_16_19
TCTAATACTGCCTCAG-1,1,17580,6912,6,15,6_15,20,True,ROI_6_15
TCTACACGTTCATGCA-1,1,5245,16218,14,4,14_4,10,True,ROI_14_4
TCTACCCAATAGAGAG-1,1,17363,17971,15,15,15_15,16,True,ROI_15_15
TCTACCCGCATCATTT-1,1,21878,18918,16,19,16_19,13,True,ROI_16_19
TCTACCGTCCACAAGC-1,1,10464,12659,11,9,11_9,20,True,ROI_11_9
TCTACGGGCTCAGTTG-1,1,7865,20173,17,6,17_6,22,True,ROI_17_6
TCTAGCAATCTCCGCC-1,1,14969,7600,6,13,6_13,22,True,ROI_6_13
TCTAGCATCTTCGATG-1,1,9508,9384,8,8,8_8,16,True,ROI_8_8
TCTAGCATGCCCAGAA-1,1,15453,12514,11,13,11_13,12,True,ROI_11_13
TCTAGGTGGCGACGCT-1,1,10947,17027,15,9,15_9,20,True,ROI_15_9
TCTAGTGATATCGTGG-1,1,14510,16884,14,12,14_12,20,True,ROI_14_12
TCTAGTTATCAGAAGA-1,1,12124,10881,9,10,9_10,23,True,ROI_9_10
TCTATAGGTGGGTAAT-1,1,19502,18377,16,17,16_17,22,True,ROI_16_17
TCTATCATGCAGTTAC-1,1,8320,8977,7,7,7_7,20,True,ROI_7_7
TCTATCCGATTGCACA-1,1,21396,15097,13,18,13_18,21,True,ROI_13_18
TCTATCGGTCGCAACA-1,1,9276,12252,10,8,10_8,23,True,ROI_10_8
TCTATGCTATAACGAC-1,1,19261,16329,14,17,14_17,20,True,ROI_14_17
TCTATTACGCTGGCGA-1,1,7368,8160,7,6,7_6,20,True,ROI_7_6
TCTATTACTAGAGGAT-1,1,13777,5554,4,12,4_12,12,True,ROI_4_12
TCTCAAATCAATCGGG-1,1,20922,15644,13,18,13_18,21,True,ROI_13_18
TCTCAGGCTACTCGCT-1,1,21167,19602,17,18,17_18,8,True,ROI_17_18
TCTCATGAGATAGGGT-1,1,15696,15380,13,13,13_13,19,True,ROI_13_13
TCTCCAACGTAGGTTA-1,1,8804,14164,12,7,12_7,16,True,ROI_12_7
TCTCCACAAGTTGAAT-1,1,18548,16194,14,16,14_16,20,True,ROI_14_16
TCTCCCTGGGCAGCGT-1,1,16882,14422,12,14,12_14,20,True,ROI_12_14
TCTCGAACGAGGTCAC-1,1,6908,16352,14,6,14_6,20,True,ROI_14_6
TCTCGACGTATCGCCG-1,1,14752,18932,16,13,16_13,20,True,ROI_16_13
TCTCGAGGAGGTTCGC-1,1,16414,18792,16,14,16_14,20,True,ROI_16_14
TCTCGGCTCCAGGACT-1,1,7128,6658,5,6,5_6,20,True,ROI_5_6
TCTCTAATAGCTGGTA-1,1,8798,10614,9,7,9_7,18,True,ROI_9_7
TCTCTCGCCGCACATA-1,1,17128,19200,16,15,16_15,18,True,ROI_16_15
TCTCTTACCGCGAACC-1,1,19485,9366,8,17,8_17,20,True,ROI_8_17
TCTGAACCGGTCGGCT-1,1,9032,8566,7,7,7_7,20,True,ROI_7_7
TCTGAACTCGTACCCG-1,1,15222,16473,14,13,14_13,20,True,ROI_14_13
TCTGAAGCACGTGGTC-1,1,17358,14968,13,15,13_15,19,True,ROI_13_15
TCTGAATTCCGTACAA-1,1,12134,16342,14,10,14_10,20,True,ROI_14_10
TCTGACGGGCTAACCC-1,1,10715,19895,17,9,17_9,22,True,ROI_17_9
TCTGACTGTAATGGTT-1,1,5463,5433,4,4,4_4,2,False,ROI_4_4
TCTGAGCAATTGACTG-1,1,16890,18791,16,14,16_14,20,True,ROI_16_14
TCTGATCGGGTGCTAG-1,1,12140,19619,17,10,17_10,21,True,ROI_17_10
TCTGATGTATTCTGTC-1,1,16170,14833,13,14,13_14,23,True,ROI_13_14
TCTGCATACCTTGCTT-1,1,18549,17013,15,16,15_16,20,True,ROI_15_16
TCTGCCAGAAACTGCA-1,1,13793,14291,12,12,12_12,13,True,ROI_12_12
TCTGCGAATCGTTCGC-1,1,8103,20309,17,7,17_7,17,True,ROI_17_7
TCTGCGTCCGGTTTCT-1,1,7603,6657,5,6,5_6,20,True,ROI_5_6
TCTGGGAACCTTTGAA-1,1,13560,16886,14,12,14_12,20,True,ROI_14_12
TCTGGGTAGCGCTCAT-1,1,13545,8421,7,11,7_11,20,True,ROI_7_11
TCTGTCATACAAGAGC-1,1,6420,9527,8,5,8_5,20,True,ROI_8_5
TCTGTGATGGAGGTTG-1,1,5488,19085,16,4,16_4,11,True,ROI_16_4
TCTGTGCCATCATAGT-1,1,11655,14432,12,10,12_10,20,True,ROI_12_10
TCTGTTACCCAGCATA-1,1,16158,8280,7,14,7_14,9,True,ROI_7_14
TCTTACAGAGGTACCG-1,1,7608,9661,8,6,8_6,20,True,ROI_8_6
TCTTACCGGAACTCGT-1,1,9045,15938,14,8,14_8,20,True,ROI_14_8
TCTTACGGCATCCGAC-1,1,9980,7472,6,8,6_8,18,True,ROI_6_8
TCTTACTTATGCCTCT-1,1,14747,16201,14,13,14_13,20,True,ROI_14_13
TCTTAGAGCTCCAATT-1,1,13563,18251,16,12,16_12,20,True,ROI_16_12
TCTTAGAGTGAACTCT-1,1,14273,17021,15,12,15_12,20,True,ROI_15_12
TCTTATGGGTAGTACC-1,1,4047,10623,9,3,9_3,7,False,ROI_9_3
TCTTCCCATGGGCACA-1,1,11659,16616,14,10,14_10,20,True,ROI_14_10
TCTTCGAATAGACGTT-1,1,13316,13200,11,11,11_11,19,True,ROI_11_11
TCTTCGATACCAATAA-1,1,11652,12521,11,10,11_10,20,True,ROI_11_10
TCTTCGCGGTGAGAGG-1,1,18316,19335,17,16,17_16,8,True,ROI_17_16
TCTTCTATAACCCGCC-1,1,14750,18112,16,13,16_13,20,True,ROI_16_13
TCTTGATGCGTAGCGA-1,1,11652,12794,11,10,11_10,20,True,ROI_11_10
TCTTGCTCCCGATACT-1,1,19491,12643,11,17,11_17,20,True,ROI_11_17
TCTTGGTAACACCAAA-1,1,9039,12389,10,8,10_8,23,True,ROI_10_8
TCTTTAAGACTATGAA-1,1,12135,16888,14,10,14_10,20,True,ROI_14_10
TCTTTAGAGTCTAACA-1,1,15940,19066,16,14,16_14,20,True,ROI_16_14
TCTTTAGCAGGCGAAC-1,1,12139,19346,17,10,17_10,21,True,ROI_17_10
TCTTTCTCTTAAGGAG-1,1,5716,14306,12,5,12_5,20,True,ROI_12_5
TGAAACTTATGCAAGC-1,1,6665,13485,11,5,11_5,20,True,ROI_11_5
TGAAAGGACCTGACTC-1,1,12369,14840,13,10,13_10,22,True,ROI_13_10
TGAACAAGCAGGGACT-1,1,19721,8410,7,17,7_17,20,True,ROI_7_17
TGAATACCGACGCGTA-1,1,19733,14690,13,17,13_17,23,True,ROI_13_17
TGAATATGCTATAAAC-1,1,7863,19081,16,6,16_6,20,True,ROI_16_6
TGAATGAGTGTTTCCC-1,1,19725,10321,9,17,9_17,22,True,ROI_9_17
TGAATGTCAGCCGGCC-1,1,15226,18385,16,13,16_13,20,True,ROI_16_13
TGACACTTCTCTTTGC-1,1,7860,17442,15,6,15_6,20,True,ROI_15_6
TGACATCGAGCGGACC-1,1,12373,17298,15,10,15_10,20,True,ROI_15_10
TGACATGTAACGTGAC-1,1,20441,12095,10,18,10_18,20,True,ROI_10_18
TGACCAAATCTTAAAC-1,1,19728,11960,10,17,10_17,20,True,ROI_10_17
TGACCAGCTTCAAAGT-1,1,5721,16764,14,5,14_5,20,True,ROI_14_5
TGACCCACGTTAGACA-1,1,11885,9926,8,10,8_10,20,True,ROI_8_10
TGACGAATATTTCCCT-1,1,14492,6508,5,12,5_12,16,True,ROI_5_12
TGACGATGCACTAGAA-1,1,12847,16478,14,11,14_11,16,True,ROI_14_11
TGACTATAATCCTTTC-1,1,14978,12787,11,13,11_13,12,True,ROI_11_13
TGACTCCGAATCATAC-1,1,18766,5681,5,16,5_16,18,True,ROI_5_16
TGAGAATGCTTTACCG-1,1,8323,10888,9,7,9_7,18,True,ROI_9_7
TGAGAGATTTACCACG-1,1,13796,15930,14,12,14_12,20,True,ROI_14_12
TGAGATCAAATACTCA-1,1,5712,12122,10,5,10_5,23,True,ROI_10_5
TGAGATTAGGCCCTAA-1,1,7858,16350,14,6,14_6,20,True,ROI_14_6
TGAGCAGTCGTGAAGT-1,1,5231,8846,7,4,7_4,8,True,ROI_7_4
TGAGCCATACAGTCTC-1,1,14020,8694,7,12,7_12,16,True,ROI_7_12
TGAGCGGAAAGTGTTC-1,1,17115,12374,10,15,10_15,20,True,ROI_10_15
TGAGCTTTAATGACGC-1,1,8568,15120,13,7,13_7,18,True,ROI_13_7
TGAGGAGTGCCAGCTT-1,1,17826,11417,10,15,10_15,20,True,ROI_10_15
TGAGGTGTGTGGCGGA-1,1,20675,10593,9,18,9_18,23,True,ROI_9_18
TGAGTAAATTAGCGTA-1,1,15213,11285,9,13,9_13,21,True,ROI_9_13
TGAGTGCCTCTTAAAT-1,1,14734,9102,8,13,8_13,18,True,ROI_8_13
TGAGTGGTCCGTGACG-1,1,11181,14979,13,9,13_9,23,True,ROI_13_9
TGAGTGTAACAACGGG-1,1,21401,17827,15,18,15_18,20,True,ROI_15_18
TGAGTTAAAGACATTC-1,1,15464,18794,16,13,16_13,20,True,ROI_16_13
TGATAGCGGGATTCTA-1,1,10688,5150,4,9,4_9,8,True,ROI_4_9
TGATCACCACACTGAC-1,1,20438,10457,9,18,9_18,23,True,ROI_9_18
TGATCAGGGAACTGCT-1,1,14017,6782,6,12,6_12,18,True,ROI_6_12
TGATCCCAGCATTAGT-1,1,10474,18120,16,9,16_9,20,True,ROI_16_9
TGATCGGTTTGACCCT-1,1,10699,10884,9,9,9_9,22,True,ROI_9_9
TGATCTACGCTGATCT-1,1,7860,17169,15,6,15_6,20,True,ROI_15_6
TGATCTATCACACTCT-1,1,21160,16053,14,18,14_18,20,True,ROI_14_18
TGATCTCCGGCGCCAG-1,1,10698,10338,9,9,9_9,22,True,ROI_9_9
TGATGGCTGTTTCTGA-1,1,11189,19075,16,9,16_9,20,True,ROI_16_9
TGATGTCAATTAAGTG-1,1,18075,17560,15,16,15_16,20,True,ROI_15_16
TGATTATGGCACGCAG-1,1,7150,18672,16,6,16_6,20,True,ROI_16_6
TGATTCCCGGTTACCT-1,1,19250,10322,9,17,9_17,22,True,ROI_9_17
TGATTCGTCTATCACT-1,1,11408,9108,8,10,8_10,20,True,ROI_8_10
TGATTCTGTCGCCGGT-1,1,15447,9510,8,13,8_13,18,True,ROI_8_13
TGATTTATTAGCTGTG-1,1,13069,8149,7,11,7_11,20,True,ROI_7_11
TGATTTCCTCCTGACG-1,1,7843,8159,7,6,7_6,20,True,ROI_7_6
TGCAAAGTTCGTCTGT-1,1,20915,11548,10,18,10_18,20,True,ROI_10_18
TGCAACCCATCTGCGG-1,1,18309,15785,13,16,13_16,21,True,ROI_13_16
TGCAACTACTGGTTGA-1,1,20448,15918,14,18,14_18,20,True,ROI_14_18
TGCAAGAATGACGTAA-1,1,11175,11702,10,9,10_9,20,True,ROI_10_9
TGCAATCTAACACGGT-1,1,18784,15784,13,16,13_16,21,True,ROI_13_16
TGCAATTTGGGCACGG-1,1,7385,17716,15,6,15_6,20,True,ROI_15_6
TGCACAGTGAAGTTAT-1,1,6909,17171,15,6,15_6,20,True,ROI_15_6
TGCACGAGTCGGCAGC-1,1,5476,12532,11,4,11_4,20,True,ROI_11_4
TGCAGAACTATATCGT-1,1,14016,6509,5,12,5_12,16,True,ROI_5_12
TGCAGAGTACCGAGCA-1,1,13072,9787,8,11,8_11,20,True,ROI_8_11
TGCAGATCGTCCTAGG-1,1,14015,5963,5,12,5_12,16,True,ROI_5_12
TGCAGCTACGTACTTC-1,1,14015,5690,5,12,5_12,16,True,ROI_5_12
TGCAGGATCGGCAAAG-1,1,9753,13616,12,8,12_8,20,True,ROI_12_8
TGCAGTGAGGCTCGGG-1,1,7627,20037,17,6,17_6,22,True,ROI_17_6
TGCAGTGGTAGGGAAC-1,1,20192,6225,5,17,5_17,23,True,ROI_5_17
TGCAGTTTCCTCCCAT-1,1,13558,15794,13,12,13_12,17,True,ROI_13_12
TGCATATGTCTGTCAC-1,1,12369,15113,13,10,13_10,22,True,ROI_13_10
TGCATGGATCGGATCT-1,1,8564,12663,11,7,11_7,16,True,ROI_11_7
TGCATGTGACCCATAG-1,1,20197,8682,7,17,7_17,20,True,ROI_7_17
TGCATGTGGTAATCTA-1,1,10943,14570,12,9,12_9,20,True,ROI_12_9
TGCCAAAGTCAGACTT-1,1,14253,6099,5,12,5_12,16,True,ROI_5_12
TGCCACCTGGCGAAAC-1,1,8804,13891,12,7,12_7,16,True,ROI_12_7
TGCCAGTACGTGGAGA-1,1,16167,13195,11,14,11_14,20,True,ROI_11_14
TGCCATTACTAAAGAA-1,1,9044,15392,13,8,13_8,22,True,ROI_13_8
TGCCCGATAGTTAGAA-1,1,21157,14141,12,18,12_18,20,True,ROI_12_18
TGCCGAAAGCGTATTC-1,1,11903,19756,17,10,17_10,21,True,ROI_17_10
TGCCGGATGTACGAGC-1,1,18770,8139,7,16,7_16,16,True,ROI_7_16
TGCCGTGGATCGTCCT-1,1,17590,12100,10,15,10_15,20,True,ROI_10_15
TGCCGTGGGACCCAAT-1,1,20917,12640,11,18,11_18,20,True,ROI_11_18
TGCCTAATTGAAGATT-1,1,17125,17835,15,15,15_15,16,True,ROI_15_15
TGCCTGACATCGGTCA-1,1,7840,6247,5,6,5_6,20,True,ROI_5_6
TGCCTGATCAAACGAT-1,1,8802,13072,11,7,11_7,16,True,ROI_11_7
TGCCTTGGCCAGGCAA-1,1,16407,14696,13,14,13_14,23,True,ROI_13_14
TGCGAATATGGGATTT-1,1,14727,5279,4,13,4_13,15,True,ROI_4_13
TGCGACACCCTAGTGC-1,1,14973,9784,8,13,8_13,18,True,ROI_8_13
TGCGACGGCCGAACGT-1,1,18295,7867,6,16,6_16,16,True,ROI_6_16
TGCGAGAATATTACCC-1,1,15921,8963,7,14,7_14,9,True,ROI_7_14
TGCGAGATGGCGGCCA-1,1,6676,19219,17,5,17_5,23,True,ROI_17_5
TGCGAGCCCTTCCGCG-1,1,6910,17444,15,6,15_6,20,True,ROI_15_6
TGCGCAAAGCATTTGG-1,1,11415,12657,11,10,11_10,20,True,ROI_11_10
TGCGCGATTAACGGAG-1,1,10458,9110,8,9,8_9,20,True,ROI_8_9
TGCGGACTTGACTCCG-1,1,20206,13870,12,17,12_17,20,True,ROI_12_17
TGCGGAGTAAAGGTGC-1,1,9277,13071,11,8,11_8,20,True,ROI_11_8
TGCGGCATAGTTCAAC-1,1,6898,10891,9,6,9_6,20,True,ROI_9_6
TGCGGGTATTGGGATC-1,1,4289,13217,11,3,11_3,7,False,ROI_11_3
TGCGGTGAAATTTCAT-1,1,6901,12529,11,6,11_6,20,True,ROI_11_6
TGCGTAAGAACCTGAT-1,1,14259,9376,8,12,8_12,16,True,ROI_8_12
TGCGTACGGCTAATTG-1,1,19975,17284,15,17,15_17,20,True,ROI_15_17
TGCGTCATGACTGAGC-1,1,16629,6368,5,14,5_14,20,True,ROI_5_14
TGCGTGATTGGGTGTC-1,1,6651,5840,5,5,5_5,20,True,ROI_5_5
TGCGTTTGTTGACACT-1,1,14030,13881,12,12,12_12,13,True,ROI_12_12
TGCTAAGTGTCTATTT-1,1,16409,15788,13,14,13_14,23,True,ROI_13_14
TGCTATACAAACGGAC-1,1,5235,11031,9,4,9_4,18,True,ROI_9_4
TGCTATGGCAAAGGGA-1,1,20669,7043,6,18,6_18,8,True,ROI_6_18
TGCTCCACAGTTCTTA-1,1,14747,16474,14,13,14_13,20,True,ROI_14_13
TGCTCGGCGAAACCCA-1,1,17589,11827,10,15,10_15,20,True,ROI_10_15
TGCTCGGTGGGTCACC-1,1,19730,13325,11,17,11_17,20,True,ROI_11_17
TGCTCTTGAGAGTTTG-1,1,19255,13053,11,17,11_17,20,True,ROI_11_17
TGCTGGTTGGACAATT-1,1,9033,9112,8,7,8_7,20,True,ROI_8_7
TGCTGTTGAAGAACTC-1,1,13077,12518,11,11,11_11,19,True,ROI_11_11
TGCTTAGAGAGAATGC-1,1,18768,7047,6,16,6_16,16,True,ROI_6_16
TGCTTCCCAAGCAGTA-1,1,18778,12507,11,16,11_16,16,True,ROI_11_16
TGCTTGAAACCATGCA-1,1,6176,5841,5,5,5_5,20,True,ROI_5_5
TGGAAACGGAGTGAAC-1,1,5463,5706,5,4,5_4,11,True,ROI_5_4
TGGAACCACTGACACA-1,1,9760,17439,15,8,15_8,20,True,ROI_15_8
TGGAAGAAGGGAACGT-1,1,13307,8285,7,11,7_11,20,True,ROI_7_11
TGGAAGACGAACACCA-1,1,7371,9798,8,6,8_6,20,True,ROI_8_6
TGGAAGGATAAAGATG-1,1,8802,12799,11,7,11_7,16,True,ROI_11_7
TGGAATATCCTTGACC-1,1,9524,18122,16,8,16_8,20,True,ROI_16_8
TGGAATTAGACGCTTT-1,1,10215,5970,5,9,5_9,20,True,ROI_5_9
TGGACCAATCTAAGAT-1,1,18782,14419,12,16,12_16,16,True,ROI_12_16
TGGACCACGGCGTTGA-1,1,5701,6115,5,5,5_5,20,True,ROI_5_5
TGGACGCAATCCAGCC-1,1,17817,6229,5,15,5_15,22,True,ROI_5_15
TGGACTGTTCGCTCAA-1,1,12841,13474,11,11,11_11,19,True,ROI_11_11
TGGAGAATAATCGTCC-1,1,21148,9500,8,18,8_18,19,True,ROI_8_18
TGGAGCTAAAGTTCCC-1,1,5476,12805,11,4,11_4,20,True,ROI_11_4
TGGAGGGAAACACCTC-1,1,9290,20170,17,8,17_8,23,True,ROI_17_8
TGGAGTGATGCGATGA-1,1,10933,9109,8,9,8_9,20,True,ROI_8_9
TGGATAGAGTAACAGA-1,1,6413,5431,4,5,4_5,12,True,ROI_4_5
TGGCAAACTAAATTAC-1,1,15931,14151,12,14,12_14,20,True,ROI_12_14
TGGCAACTCGCGCGCC-1,1,9281,15255,13,8,13_8,22,True,ROI_13_8
TGGCAAGCACAAGTCG-1,1,19726,11141,9,17,9_17,22,True,ROI_9_17
TGGCAATGGGACGGCG-1,1,16888,17972,15,14,15_14,20,True,ROI_15_14
TGGCACGAGCTCGAGT-1,1,5246,17038,15,4,15_4,8,True,ROI_15_4
TGGCAGATTACGATCA-1,1,14501,11423,10,12,10_12,16,True,ROI_10_12
TGGCAGCAGTAATAGT-1,1,13313,11835,10,11,10_11,20,True,ROI_10_11
TGGCATGAAGTTTGGG-1,1,17340,5138,4,15,4_15,15,True,ROI_4_15
TGGCCAAACTGAAGTA-1,1,10704,13888,12,9,12_9,20,True,ROI_12_9
TGGCCAATTTGGTACT-1,1,15677,5004,4,13,4_13,15,True,ROI_4_13
TGGCCGTATATTGACC-1,1,10220,8700,7,9,7_9,20,True,ROI_7_9
TGGCGGTGTGCGATTG-1,1,5707,9391,8,5,8_5,20,True,ROI_8_5
TGGCTACACTCTACCT-1,1,19262,17148,15,17,15_17,20,True,ROI_15_17
TGGCTATGTGACATAC-1,1,18307,14693,13,16,13_16,21,True,ROI_13_16
TGGCTCTTGTCGCGTA-1,1,14014,5144,4,12,4_12,12,True,ROI_4_12
TGGCTTGTACAAGCTT-1,1,7864,19354,17,6,17_6,22,True,ROI_17_6
TGGCTTTGGGTAGACA-1,1,8560,10478,9,7,9_7,18,True,ROI_9_7
TGGGAAATGCCTTTCC-1,1,9504,7200,6,8,6_8,18,True,ROI_6_8
TGGGATGCACTCATTC-1,1,6909,16898,14,6,14_6,20,True,ROI_14_6
TGGGCAATAGTTGGGT-1,1,14988,18248,16,13,16_13,20,True,ROI_16_13
TGGGCACAAACAGAAC-1,1,5946,9800,8,5,8_5,20,True,ROI_8_5
TGGGCACGTTCTATGG-1,1,7615,13484,11,6,11_6,20,True,ROI_11_6
TGGGCAGGCCACCGCA-1,1,16891,19337,17,14,17_14,15,True,ROI_17_14
TGGGCCACAAGAGCGC-1,1,8328,13346,11,7,11_7,16,True,ROI_11_7
TGGGCCCATACTAATT-1,1,15221,15654,13,13,13_13,19,True,ROI_13_13
TGGGCGATACAATAAG-1,1,20203,11959,10,17,10_17,20,True,ROI_10_17
TGGGTAAGGTTCCCGC-1,1,7142,14304,12,6,12_6,20,True,ROI_12_6
TGGGTGCACAAGCCAT-1,1,20446,15098,13,18,13_18,21,True,ROI_13_18
TGGGTGGGATGTCATT-1,1,6437,18810,16,5,16_5,20,True,ROI_16_5
TGGGTGTAATAGATTT-1,1,20213,17420,15,17,15_17,20,True,ROI_15_17
TGGGTGTTAAGTAGAA-1,1,21154,12776,11,18,11_18,20,True,ROI_11_18
TGGGTTTCGGGCGTAC-1,1,20906,6906,6,18,6_18,8,True,ROI_6_18
TGGTAAGCAGGATTGA-1,1,13776,5008,4,12,4_12,12,True,ROI_4_12
TGGTAGAATATATGGG-1,1,15461,17155,15,13,15_13,20,True,ROI_15_13
TGGTATCGCATCCCAA-1,1,5951,12804,11,5,11_5,20,True,ROI_11_5
TGGTATCGGTCTGTAT-1,1,5711,11576,10,5,10_5,23,True,ROI_10_5
TGGTCCCACGCTACGG-1,1,16405,13604,12,14,12_14,20,True,ROI_12_14
TGGTCTGTTGGGCGTA-1,1,12830,7467,6,11,6_11,23,True,ROI_6_11
TGGTGATCGTATTTGT-1,1,10214,5697,5,9,5_9,20,True,ROI_5_9
TGGTGCCCTGCCTTAC-1,1,21626,10591,9,19,9_19,4,False,ROI_9_19
TGGTTAAGGGCGCTGG-1,1,10239,19076,16,9,16_9,20,True,ROI_16_9
TGGTTCAACGGGTAAT-1,1,15930,13605,12,14,12_14,20,True,ROI_12_14
TGGTTCGTAGCAAAGG-1,1,9511,11023,9,8,9_8,18,True,ROI_9_8
TGGTTGGAGGATCCTG-1,1,6670,15943,14,5,14_5,20,True,ROI_14_5
TGGTTTAAACGTGGGT-1,1,9763,18804,16,8,16_8,20,True,ROI_16_8
TGTACCCGACCCTAAT-1,1,19951,4450,3,17,3_17,1,False,ROI_3_17
TGTACCTACACGAGGG-1,1,18072,15922,14,16,14_16,20,True,ROI_14_16
TGTACGAACAAATCCG-1,1,13075,11426,10,11,10_11,20,True,ROI_10_11
TGTACTACTCTCACGG-1,1,8815,19898,17,7,17_7,17,True,ROI_17_7
TGTACTTCCGGGCATG-1,1,20691,19057,16,18,16_18,23,True,ROI_16_18
TGTAGCCAATTCCGTT-1,1,20920,14551,12,18,12_18,20,True,ROI_12_18
TGTAGCCATCCCATTC-1,1,18790,18788,16,16,16_16,23,True,ROI_16_16
TGTAGGAGAAATTTCC-1,1,12132,15250,13,10,13_10,22,True,ROI_13_10
TGTAGTGATCTATAAT-1,1,12356,8014,7,10,7_10,20,True,ROI_7_10
TGTATAACAGATCCTG-1,1,10942,14297,12,9,12_9,20,True,ROI_12_9
TGTATCAGACTGAAGC-1,1,6437,18537,16,5,16_5,20,True,ROI_16_5
TGTATCCTTATTCCAT-1,1,6422,10346,9,5,9_5,20,True,ROI_9_5
TGTATGGCGCAGACAG-1,1,14272,16202,14,12,14_12,20,True,ROI_14_12
TGTATTTACCTAATGC-1,1,6435,17445,15,5,15_5,20,True,ROI_15_5
TGTCATTTGTTGGGAA-1,1,9050,18396,16,8,16_8,20,True,ROI_16_8
TGTCCACGGCTCAACT-1,1,19500,17285,15,17,15_17,20,True,ROI_15_17
TGTCCCGACATAGCAC-1,1,6661,11301,10,5,10_5,23,True,ROI_10_5
TGTCCGCAAACAATTC-1,1,21388,10455,9,18,9_18,23,True,ROI_9_18
TGTCCGTGGCGCCTTT-1,1,11165,5968,5,9,5_9,20,True,ROI_5_9
TGTCCTAAGTCACCGC-1,1,12118,7605,6,10,6_10,22,True,ROI_6_10
TGTCGGCATGGTGGAA-1,1,6177,6660,5,5,5_5,20,True,ROI_5_5
TGTCGTGGGTATAGGC-1,1,21867,12638,11,19,11_19,8,True,ROI_11_19
TGTCGTTATCACATAT-1,1,18528,5545,4,16,4_16,14,True,ROI_4_16
TGTCTACAGTTTCTGT-1,1,6660,10755,9,5,9_5,20,True,ROI_9_5
TGTGACTACGCCAGTC-1,1,9041,13481,11,8,11_8,20,True,ROI_11_8
TGTGACTAGAGTTTGC-1,1,20215,18512,16,17,16_17,22,True,ROI_16_17
TGTGAGACTAGCCCAA-1,1,18065,12099,10,15,10_15,20,True,ROI_10_15
TGTGCCGGTGCCGGAA-1,1,16648,16744,14,14,14_14,20,True,ROI_14_14
TGTGCTTTACGTAAGA-1,1,12590,5966,5,11,5_11,19,True,ROI_5_11
TGTGGAGGAAGCTTAA-1,1,4523,11168,9,4,9_4,18,True,ROI_9_4
TGTGGCAAAGCGTATG-1,1,10944,15389,13,9,13_9,23,True,ROI_13_9
TGTGGCGGGCTTCTGG-1,1,19489,11551,10,17,10_17,20,True,ROI_10_17
TGTGGCTCCCACCAAC-1,1,14515,19615,17,12,17_12,15,True,ROI_17_12
TGTGGTTGCTAAAGCT-1,1,19487,10185,9,17,9_17,22,True,ROI_9_17
TGTGTAGTAGCACGTG-1,1,17841,19335,17,15,17_15,8,True,ROI_17_15
TGTGTCGCGAGTTGCA-1,1,9744,8428,7,8,7_8,16,True,ROI_7_8
TGTGTTCGTATCCAAG-1,1,11403,6377,5,10,5_10,15,True,ROI_5_10
TGTTATTGTATGTGGC-1,1,14508,15246,13,12,13_12,17,True,ROI_13_12
TGTTCCGCTTCCATGA-1,1,12597,9515,8,11,8_11,20,True,ROI_8_11
TGTTCCGGCCTGAGCT-1,1,20679,12504,11,18,11_18,20,True,ROI_11_18
TGTTCTCTACTCCCTA-1,1,7153,20311,17,6,17_6,22,True,ROI_17_6
TGTTCTTCCATTGACT-1,1,11884,9380,8,10,8_10,20,True,ROI_8_10
TGTTGTCAAGAAGTCT-1,1,9755,14708,13,8,13_8,22,True,ROI_13_8
TGTTTAATACTTCATC-1,1,6191,14032,12,5,12_5,20,True,ROI_12_5
TGTTTCGGTACTTCTC-1,1,8324,11161,9,7,9_7,18,True,ROI_9_7
TGTTTGAGATCGTCAG-1,1,15703,19203,17,13,17_13,15,True,ROI_17_13
TTAAACAGAGTCCCGC-1,1,6178,7206,6,5,6_5,22,True,ROI_6_5
TTAAACCGGTAGCGAC-1,1,5947,10620,9,5,9_5,20,True,ROI_9_5
TTAAACCTGGTTCCTT-1,1,10213,5151,4,9,4_9,8,True,ROI_4_9
TTAAACTCGAATTCAT-1,1,11422,16480,14,10,14_10,20,True,ROI_14_10
TTAAAGGCGATGCTCG-1,1,21387,10182,9,18,9_18,23,True,ROI_9_18
TTAAAGTAAGTCGCCA-1,1,20451,17829,15,18,15_18,20,True,ROI_15_18
TTAACACCTCGAACAT-1,1,9740,6517,5,8,5_8,16,True,ROI_5_8
TTAACCAACCCTCCCT-1,1,8561,11024,9,7,9_7,18,True,ROI_9_7
TTAACGAACAAGCAGT-1,1,9288,19078,16,8,16_8,20,True,ROI_16_8
TTAACGTCGCAAGACC-1,1,6423,10892,9,5,9_5,20,True,ROI_9_5
TTAACTCACGCGTGGA-1,1,9738,5425,4,8,4_8,4,False,ROI_4_8
TTAACTTCAGGTAGGA-1,1,14968,7053,6,13,6_13,22,True,ROI_6_13
TTAAGACGAACGAACC-1,1,5483,16628,14,4,14_4,10,True,ROI_14_4
TTAAGATAGGATTGAC-1,1,14274,17294,15,12,15_12,20,True,ROI_15_12
TTAAGCCGACAACTTC-1,1,7141,14031,12,6,12_6,20,True,ROI_12_6
TTAAGCGCCTGACCCA-1,1,11171,9518,8,9,8_9,20,True,ROI_8_9
TTAAGGATACGGAGGT-1,1,5706,8845,7,5,7_5,20,True,ROI_7_5
TTAAGGCCCGTACTTT-1,1,18056,6911,6,15,6_15,20,True,ROI_6_15
TTAAGTATTGTTATCC-1,1,19260,15783,13,17,13_17,23,True,ROI_13_17
TTAATCAGTACGTCAG-1,1,8329,13892,12,7,12_7,16,True,ROI_12_7
TTAATGCGAGGTAACT-1,1,5001,13079,11,4,11_4,20,True,ROI_11_4
TTAATGTAGACCAGGT-1,1,11177,12794,11,9,11_9,20,True,ROI_11_9
TTAATTGCTTTGGGTG-1,1,18781,13873,12,16,12_16,16,True,ROI_12_16
TTAATTTCAGACGCGG-1,1,8089,12937,11,7,11_7,16,True,ROI_11_7
TTACAACTACGCATCC-1,1,9748,10613,9,8,9_8,18,True,ROI_9_8
TTACACGATCTGCGAC-1,1,18789,18515,16,16,16_16,23,True,ROI_16_16
TTACAGACCTAAATGA-1,1,10234,16619,14,9,14_9,20,True,ROI_14_9
TTACATCGTGGCCTGG-1,1,8794,8430,7,7,7_7,20,True,ROI_7_7
TTACATGCCACAACTA-1,1,13799,17568,15,12,15_12,20,True,ROI_15_12
TTACCATTGATTACCC-1,1,12117,7332,6,10,6_10,22,True,ROI_6_10
TTACCCATTGCCGGGT-1,1,8093,15121,13,7,13_7,18,True,ROI_13_7
TTACCCTAACAGTCCT-1,1,9741,6790,6,8,6_8,18,True,ROI_6_8
TTACCCTAGGGATTGG-1,1,18301,11416,10,16,10_16,16,True,ROI_10_16
TTACCGCCTTAGGGAA-1,1,6652,6386,5,5,5_5,20,True,ROI_5_5
TTACGGATGGTTCGAG-1,1,11896,16206,14,10,14_10,20,True,ROI_14_10
TTACGGTGTCACCGAG-1,1,5231,8573,7,4,7_4,8,True,ROI_7_4
TTACGTATCTATGACA-1,1,19266,19333,17,17,17_17,7,False,ROI_17_17
TTACTAAAGGACTTTA-1,1,15456,14152,12,13,12_13,9,True,ROI_12_13
TTACTCCGGCCGGGAA-1,1,12130,14158,12,10,12_10,20,True,ROI_12_10
TTACTCTGGTACGTAC-1,1,14256,7737,6,12,6_12,18,True,ROI_6_12
TTACTGGGATATTTCA-1,1,14500,10877,9,12,9_12,18,True,ROI_9_12
TTACTGTCTAGAGCTC-1,1,8576,19216,17,7,17_7,17,True,ROI_17_7
TTACTGTTTCTCTACG-1,1,4526,12807,11,4,11_4,20,True,ROI_11_4
TTAGAAGAACATGACT-1,1,16402,12239,10,14,10_14,10,True,ROI_10_14
TTAGAATAAGGGTCGG-1,1,18536,9641,8,16,8_16,16,True,ROI_8_16
TTAGACACGATCGTTG-1,1,7856,15258,13,6,13_6,23,True,ROI_13_6
TTAGACGAGTCACCTC-1,1,15456,14425,12,13,12_13,9,True,ROI_12_13
TTAGAGTTTAGAAGGA-1,1,14983,15245,13,13,13_13,19,True,ROI_13_13
TTAGATAGGTCGATAC-1,1,7127,6385,5,6,5_6,20,True,ROI_5_6
TTAGCAACATGGATGT-1,1,8792,7338,6,7,6_7,22,True,ROI_6_7
TTAGCTAATACGATCT-1,1,9284,16894,14,8,14_8,20,True,ROI_14_8
TTAGCTGATTTGCCGT-1,1,13084,16341,14,11,14_11,16,True,ROI_14_11
TTAGGTCATAACCGAC-1,1,17821,8687,7,15,7_15,17,True,ROI_7_15
TTAGTAAACCTGCTCT-1,1,18785,16330,14,16,14_16,20,True,ROI_14_16
TTAGTAGGGCGGCGGG-1,1,12117,7059,6,10,6_10,22,True,ROI_6_10
TTAGTTATTCGTGGCA-1,1,15221,15927,14,13,14_13,20,True,ROI_14_13
TTAGTTCAAGTGTTCG-1,1,9288,18805,16,8,16_8,20,True,ROI_16_8
TTATAGATGCACATTA-1,1,5235,10757,9,4,9_4,18,True,ROI_9_4
TTATAGGTAATTGTCT-1,1,18543,13464,11,16,11_16,16,True,ROI_11_16
TTATAGTCCAAGGTGC-1,1,5248,18130,16,4,16_4,11,True,ROI_16_4
TTATATACGCTGTCAC-1,1,13079,13610,12,11,12_11,16,True,ROI_12_11
TTATATTTGGCAATCC-1,1,10226,12250,10,9,10_9,20,True,ROI_10_9
TTATCCAATCGAACTC-1,1,7130,8023,7,6,7_6,20,True,ROI_7_6
TTATCCGGGATCTATA-1,1,16171,15379,13,14,13_14,23,True,ROI_13_14
TTATCCTCAAGGAATA-1,1,16391,5959,5,14,5_14,20,True,ROI_5_14
TTATCGCCTGCGAAGC-1,1,10452,5833,5,9,5_9,20,True,ROI_5_9
TTATCTGTATCATAAC-1,1,9275,11706,10,8,10_8,23,True,ROI_10_8
TTATGAATGAAAGGGA-1,1,13789,12107,10,12,10_12,16,True,ROI_10_12
TTATGACAAACTGGAT-1,1,10456,8290,7,9,7_9,20,True,ROI_7_9
TTATGATCTTAACGAA-1,1,13081,14702,13,11,13_11,13,True,ROI_13_11
TTATGCGTCCCGGTCC-1,1,5708,9664,8,5,8_5,20,True,ROI_8_5
TTATGTTTGCGATAGA-1,1,10215,6243,5,9,5_9,20,True,ROI_5_9
TTATTAGGGAAGCATC-1,1,7612,11572,10,6,10_6,22,True,ROI_10_6
TTCAAAGTCTCTAGCC-1,1,12367,13748,12,10,12_10,20,True,ROI_12_10
TTCAACGACCCGACCG-1,1,8797,10068,8,7,8_7,20,True,ROI_8_7
TTCAAGCCGAGCTGAG-1,1,7141,13758,12,6,12_6,20,True,ROI_12_6
TTCAATTAGCCATAAT-1,1,5716,14033,12,5,12_5,20,True,ROI_12_5
TTCACGAAAGGATCAC-1,1,13074,10880,9,11,9_11,22,True,ROI_9_11
TTCACTCGAGCACCTA-1,1,17116,12920,11,15,11_15,20,True,ROI_11_15
TTCACTTCCTAGAACG-1,1,19962,10457,9,17,9_17,22,True,ROI_9_17
TTCAGAGTAACCTGAC-1,1,5465,6525,5,4,5_4,11,True,ROI_5_4
TTCAGCCCTGGTCCAC-1,1,15220,15108,13,13,13_13,19,True,ROI_13_13
TTCAGCTGGCGTGCCC-1,1,17123,16470,14,15,14_15,16,True,ROI_14_15
TTCAGGCGTCAAAGCC-1,1,13540,5691,5,11,5_11,19,True,ROI_5_11
TTCAGTTCAAGAGGAG-1,1,21147,8680,7,18,7_18,16,True,ROI_7_18
TTCATAGCCTTGTAAC-1,1,5700,5569,4,5,4_5,12,True,ROI_4_5
TTCATGGCGCAACAGG-1,1,8566,13755,12,7,12_7,16,True,ROI_12_7
TTCCAATCAGAGCTAG-1,1,9521,16484,14,8,14_8,20,True,ROI_14_8
TTCCAATCTGGCTATC-1,1,15448,9783,8,13,8_13,18,True,ROI_8_13
TTCCAGACGAGATTTA-1,1,13326,18661,16,11,16_11,16,True,ROI_16_11
TTCCATCATGCGGTGA-1,1,7147,17034,15,6,15_6,20,True,ROI_15_6
TTCCATCGACAGCGTG-1,1,18551,18105,16,16,16_16,23,True,ROI_16_16
TTCCCGGCGCCAATAG-1,1,14964,5142,4,13,4_13,15,True,ROI_4_13
TTCCGCAGAGAAATAT-1,1,9048,17304,15,8,15_8,20,True,ROI_15_8
TTCCGCGTGAGGCGAT-1,1,14977,12241,10,13,10_13,16,True,ROI_10_13
TTCCGGCTCGACTTCT-1,1,6912,18536,16,6,16_6,20,True,ROI_16_6
TTCCGGTATCTGTGTC-1,1,13802,19206,17,12,17_12,15,True,ROI_17_12
TTCCGGTTACCCACTT-1,1,14745,15382,13,13,13_13,19,True,ROI_13_13
TTCCTCGAGGGTGTCT-1,1,9035,10204,9,7,9_7,18,True,ROI_9_7
TTCCTCGGACTAACCA-1,1,15933,15243,13,14,13_14,23,True,ROI_13_14
TTCCTTTCTGTGTTGC-1,1,6653,6932,6,5,6_5,22,True,ROI_6_5
TTCGACAGAGCCCGTG-1,1,16403,12785,11,14,11_14,20,True,ROI_11_14
TTCGACGGGAAGGGCG-1,1,9746,9520,8,8,8_8,16,True,ROI_8_8
TTCGAGCCGGCGCTAC-1,1,6202,20312,17,5,17_5,23,True,ROI_17_5
TTCGCACTCGCGTGCT-1,1,9984,9657,8,8,8_8,16,True,ROI_8_8
TTCGCACTGTACGACA-1,1,18539,11552,10,16,10_16,16,True,ROI_10_16
TTCGCATCCGGAAGCA-1,1,6652,6113,5,5,5_5,20,True,ROI_5_5
TTCGCGCGCCATACGA-1,1,18061,9915,8,15,8_15,6,False,ROI_8_15
TTCGCTAGGAAGTTGT-1,1,13803,19479,17,12,17_12,15,True,ROI_17_12
TTCGCTATCTGACGTG-1,1,8810,17168,15,7,15_7,16,True,ROI_15_7
TTCGGACTGATGCCTT-1,1,5721,17037,15,5,15_5,20,True,ROI_15_5
TTCGGCAACCCGCTGA-1,1,7857,15531,13,6,13_6,23,True,ROI_13_6
TTCGGCTAGAGATGGT-1,1,8316,6793,6,7,6_7,22,True,ROI_6_7
TTCGGGACTAATCGCG-1,1,12604,13338,11,11,11_11,19,True,ROI_11_11
TTCGGGTTGCCACGGG-1,1,18554,19471,17,16,17_16,8,True,ROI_17_16
TTCGGTACTGTAGAGG-1,1,19965,12096,10,17,10_17,20,True,ROI_10_17
TTCGTAATCCCAGCGG-1,1,6906,15260,13,6,13_6,23,True,ROI_13_6
TTCGTACTCCAGAACG-1,1,10930,7470,6,9,6_9,23,True,ROI_6_9
TTCGTTCAACGAAGTT-1,1,9524,17849,15,8,15_8,20,True,ROI_15_8
TTCTAACCGAAGCTTA-1,1,12133,15796,13,10,13_10,22,True,ROI_13_10
TTCTACCTCAATCGGT-1,1,20431,6634,5,18,5_18,17,True,ROI_5_18
TTCTACCTTTATGTTG-1,1,5480,14989,13,4,13_4,19,True,ROI_13_4
TTCTACTTGCGAGGGC-1,1,9268,7883,6,8,6_8,18,True,ROI_6_8
TTCTAGAAAGTCTTAT-1,1,18298,9778,8,16,8_16,16,True,ROI_8_16
TTCTAGGCCAATTGTG-1,1,9271,9521,8,8,8_8,16,True,ROI_8_8
TTCTATGCCTTTCGCA-1,1,10953,20031,17,9,17_9,22,True,ROI_17_9
TTCTATTAAACGCAGC-1,1,19963,11004,9,17,9_17,22,True,ROI_9_17
TTCTCAATTGCTACAA-1,1,21141,5404,4,18,4_18,14,True,ROI_4_18
TTCTGACCGGGCTCAA-1,1,16407,14969,13,14,13_14,23,True,ROI_13_14
TTCTGCCGCGCCTAGA-1,1,15691,12923,11,13,11_13,12,True,ROI_11_13
TTCTGCGGGTTAGCGG-1,1,13556,14428,12,12,12_12,13,True,ROI_12_12
TTCTGCTAGACTCCAA-1,1,10712,17983,15,9,15_9,20,True,ROI_15_9
TTCTTAGTGAACGGTG-1,1,8318,8158,7,7,7_7,20,True,ROI_7_7
TTCTTAGTGGCTCAGA-1,1,8087,11844,10,7,10_7,18,True,ROI_10_7
TTCTTATCCGCTGGGT-1,1,15699,17291,15,13,15_13,20,True,ROI_15_13
TTCTTCCCTTTGATAT-1,1,4526,13080,11,4,11_4,20,True,ROI_11_4
TTCTTGAGCCGCGCTA-1,1,15209,9101,8,13,8_13,18,True,ROI_8_13
TTCTTGCTAGCATCTC-1,1,13563,18524,16,12,16_12,20,True,ROI_16_12
TTCTTGGACGATCTGC-1,1,16394,7870,6,14,6_14,23,True,ROI_6_14
TTCTTGGAGTAATGAG-1,1,9042,14300,12,8,12_8,20,True,ROI_12_8
TTCTTGTAACCTAATG-1,1,9506,8292,7,8,7_8,16,True,ROI_7_8
TTCTTTGGTCGCGACG-1,1,9761,17712,15,8,15_8,20,True,ROI_15_8
TTGAAAGGTGTAAAGG-1,1,7148,17580,15,6,15_6,20,True,ROI_15_6
TTGAACGAATCCTTTG-1,1,8552,6383,5,7,5_7,20,True,ROI_5_7
TTGAACGACGTGCTGA-1,1,18309,15512,13,16,13_16,21,True,ROI_13_16
TTGAAGAATTCCCAGG-1,1,11648,10336,9,10,9_10,23,True,ROI_9_10
TTGAAGGATGGGCGCC-1,1,18765,5135,4,16,4_16,14,True,ROI_4_16
TTGAATATGGACTTTC-1,1,12129,13885,12,10,12_10,20,True,ROI_12_10
TTGAATCGTTGTATAA-1,1,15439,4868,4,13,4_13,15,True,ROI_4_13
TTGAATTCACGTGAGG-1,1,13322,16750,14,11,14_11,16,True,ROI_14_11
TTGACAGGAGCTCCCG-1,1,15223,17019,15,13,15_13,20,True,ROI_15_13
TTGACATGAACGTGGA-1,1,14494,7873,6,12,6_12,18,True,ROI_6_12
TTGACCAGGAACAACT-1,1,19257,14418,12,17,12_17,20,True,ROI_12_17
TTGACCATGTTCTCCG-1,1,9754,14162,12,8,12_8,20,True,ROI_12_8
TTGACCGTGTTAATGA-1,1,15920,8144,7,14,7_14,9,True,ROI_7_14
TTGACGATTCAGCACG-1,1,6184,10483,9,5,9_5,20,True,ROI_9_5
TTGACGCTCCATGAGC-1,1,13799,17295,15,12,15_12,20,True,ROI_15_12
TTGACTACCATATGGT-1,1,14259,9103,8,12,8_12,16,True,ROI_8_12
TTGACTATTGTCCGGC-1,1,14987,17702,15,13,15_13,20,True,ROI_15_13
TTGAGAAGTTTAGCAT-1,1,17121,15378,13,15,13_15,19,True,ROI_13_15
TTGAGAGTACTGCTAA-1,1,14496,8693,7,12,7_12,16,True,ROI_7_12
TTGAGCAGCCCACGGT-1,1,14515,19342,17,12,17_12,15,True,ROI_17_12
TTGAGCGCCACGTGAT-1,1,13090,19617,17,11,17_11,13,True,ROI_17_11
TTGAGGCATTTAACTC-1,1,5719,15945,14,5,14_5,20,True,ROI_14_5
TTGAGTCCCGCTGCTG-1,1,13328,19753,17,11,17_11,13,True,ROI_17_11
TTGATAGTCAATACAT-1,1,10476,19212,17,9,17_9,22,True,ROI_17_9
TTGATCTAACTTTGTC-1,1,10934,9928,8,9,8_9,20,True,ROI_8_9
TTGATGCCGCTCGTCG-1,1,20671,8135,7,18,7_18,16,True,ROI_7_18
TTGATGTGTAGTCCCG-1,1,9757,15801,13,8,13_8,22,True,ROI_13_8
TTGATTAGCTGTTTCT-1,1,15445,8145,7,13,7_13,20,True,ROI_7_13
TTGATTATGCAGATGA-1,1,10456,8017,7,9,7_9,20,True,ROI_7_9
TTGCAAGAAGACTCCT-1,1,20679,12777,11,18,11_18,20,True,ROI_11_18
TTGCACAATTCAGAAA-1,1,14263,11287,9,12,9_12,18,True,ROI_9_12
TTGCACGGAGCAGCAC-1,1,9037,11570,10,8,10_8,23,True,ROI_10_8
TTGCATGCTGATCACG-1,1,13782,8284,7,12,7_12,16,True,ROI_7_12
TTGCCAAGCAGAACCC-1,1,14514,19068,16,12,16_12,20,True,ROI_16_12
TTGCCATAGCCCGCTC-1,1,16868,6777,6,14,6_14,23,True,ROI_6_14
TTGCCCTGATCACGGG-1,1,12594,8150,7,11,7_11,20,True,ROI_7_11
TTGCCGCAGACCTACA-1,1,18766,5954,5,16,5_16,18,True,ROI_5_16
TTGCCGCTTTCTAGTA-1,1,18781,14146,12,16,12_16,16,True,ROI_12_16
TTGCCGGTGATCCCTC-1,1,6671,16762,14,5,14_5,20,True,ROI_14_5
TTGCCTAATCCAAAGT-1,1,20430,6361,5,18,5_18,17,True,ROI_5_18
TTGCCTTCTCGCCGGG-1,1,20213,17693,15,17,15_17,20,True,ROI_15_17
TTGCGCACAACCACGT-1,1,22114,17962,15,19,15_19,9,True,ROI_15_19
TTGCGCTTGATCAATA-1,1,20450,17283,15,18,15_18,20,True,ROI_15_18
TTGCGGCGACTCATGC-1,1,4525,12534,11,4,11_4,20,True,ROI_11_4
TTGCGTAGTTTGAGGA-1,1,9977,6107,5,8,5_8,16,True,ROI_5_8
TTGCGTGAACGCTTAG-1,1,7383,16624,14,6,14_6,20,True,ROI_14_6
TTGCGTGTGTAGGCAT-1,1,20446,14825,13,18,13_18,21,True,ROI_13_18
TTGCTCATAGTACGTG-1,1,19976,18103,16,17,16_17,22,True,ROI_16_17
TTGCTCCCATACCGGA-1,1,9278,13344,11,8,11_8,20,True,ROI_11_8
TTGCTGAAGGAACCAC-1,1,8561,11297,10,7,10_7,18,True,ROI_10_7
TTGCTGATCATGTTCG-1,1,11887,11291,9,10,9_10,23,True,ROI_9_10
TTGCTGCACCTATCCA-1,1,9265,6245,5,8,5_8,16,True,ROI_5_8
TTGCTGGCCGGGCTTC-1,1,5954,14169,12,5,12_5,20,True,ROI_12_5
TTGGAAGAATACAGTC-1,1,15917,6779,6,14,6_14,23,True,ROI_6_14
TTGGACATGTGGCTTA-1,1,13781,7465,6,12,6_12,18,True,ROI_6_12
TTGGACCATCTGGCAA-1,1,16175,17837,15,14,15_14,20,True,ROI_15_14
TTGGACCTATAACAGT-1,1,17358,15241,13,15,13_15,19,True,ROI_13_15
TTGGAGTCTCCCTTCT-1,1,5945,9527,8,5,8_5,20,True,ROI_8_5
TTGGATATCGTCTACG-1,1,15449,10602,9,13,9_13,21,True,ROI_9_13
TTGGATCGACTTCTGG-1,1,6424,11711,10,5,10_5,23,True,ROI_10_5
TTGGATTGGGTACCAC-1,1,8086,11025,9,7,9_7,18,True,ROI_9_7
TTGGCCAAATTGTATC-1,1,21634,15233,13,19,13_19,6,False,ROI_13_19
TTGGCCATCTTGCGCT-1,1,8077,6383,5,7,5_7,20,True,ROI_5_7
TTGGCCTAGAATTTCG-1,1,7855,14712,13,6,13_6,23,True,ROI_13_6
TTGGCGATCCGAATAT-1,1,12378,20028,17,10,17_10,21,True,ROI_17_10
TTGGCTCAATATGTGT-1,1,19503,18923,16,17,16_17,22,True,ROI_16_17
TTGGCTCGCATGAGAC-1,1,9507,8565,7,8,7_8,16,True,ROI_7_8
TTGGGAAGACGAGCCG-1,1,20203,12232,10,17,10_17,20,True,ROI_10_17
TTGGGACACTGCCCGC-1,1,10703,13068,11,9,11_9,20,True,ROI_11_9
TTGGGACGTAAGAGTT-1,1,16176,18383,16,14,16_14,20,True,ROI_16_14
TTGGGCGGCGGTTGCC-1,1,11179,13887,12,9,12_9,20,True,ROI_12_9
TTGGTATGGCTTGTGT-1,1,11902,19483,17,10,17_10,21,True,ROI_17_10
TTGGTCACACTCGTAA-1,1,15448,10056,8,13,8_13,18,True,ROI_8_13
TTGGTTGCGGTGCGCG-1,1,16630,6641,5,14,5_14,20,True,ROI_5_14
TTGTAAGGACCTAAGT-1,1,14969,7873,6,13,6_13,22,True,ROI_6_13
TTGTAAGGCCAGTTGG-1,1,10468,14571,12,9,12_9,20,True,ROI_12_9
TTGTAATCCGTACTCG-1,1,12362,11017,9,10,9_10,23,True,ROI_9_10
TTGTATCACACAGAAT-1,1,6903,13621,12,6,12_6,20,True,ROI_12_6
TTGTCGTTCAGTTACC-1,1,9274,11433,10,8,10_8,23,True,ROI_10_8
TTGTGAACCTAATCCG-1,1,17359,15787,13,15,13_15,19,True,ROI_13_15
TTGTGAGGCATGACGC-1,1,14252,5280,4,12,4_12,12,True,ROI_4_12
TTGTGATCTGTTCAGT-1,1,20453,18648,16,18,16_18,23,True,ROI_16_18
TTGTGCAGCCACGTCA-1,1,18305,13601,12,16,12_16,16,True,ROI_12_16
TTGTGGCCCTGACAGT-1,1,8325,11707,10,7,10_7,18,True,ROI_10_7
TTGTGGTAGGAGGGAT-1,1,15918,7325,6,14,6_14,23,True,ROI_6_14
TTGTGGTGGTACTAAG-1,1,19023,16466,14,16,14_16,20,True,ROI_14_16
TTGTGTATGCCACCAA-1,1,17352,11691,10,15,10_15,20,True,ROI_10_15
TTGTTAGCAAATTCGA-1,1,9270,9248,8,8,8_8,16,True,ROI_8_8
TTGTTCAGTGTGCTAC-1,1,9751,12251,10,8,10_8,23,True,ROI_10_8
TTGTTGTGTGTCAAGA-1,1,11417,14023,12,10,12_10,20,True,ROI_12_10
TTGTTTCACATCCAGG-1,1,17822,9233,8,15,8_15,6,False,ROI_8_15
TTGTTTCATTAGTCTA-1,1,18294,7593,6,16,6_16,16,True,ROI_6_16
TTGTTTCCATACAACT-1,1,14730,7190,6,13,6_13,22,True,ROI_6_13
TTGTTTGTGTAAATTC-1,1,5709,10484,9,5,9_5,20,True,ROI_9_5
